id,url,id2
picture1,Cultural_Religious/1099731005890547713.jpg,1099731005890547713
picture2,Cultural_Religious/11118178533.jpg,11118178533
picture3,Cultural_Religious/1277136159051780097.jpg,1277136159051780097
picture4,Cultural_Religious/1431523817608859648.jpg,1431523817608859648
picture5,Cultural_Religious/14584206836.jpg,14584206836
picture6,Cultural_Religious/1474708753014476804.jpg,1474708753014476804
picture7,Cultural_Religious/16365768800.jpg,16365768800
picture8,Cultural_Religious/22379545270.jpg,22379545270
picture9,Cultural_Religious/22960208453.jpg,22960208453
picture10,Cultural_Religious/23120543850.jpg,23120543850
picture11,Cultural_Religious/28709860484.jpg,28709860484
picture12,Cultural_Religious/34108176126.jpg,34108176126
picture13,Cultural_Religious/35500462255.jpg,35500462255
picture14,Cultural_Religious/3716690075.jpg,3716690075
picture15,Cultural_Religious/4168260265.jpg,4168260265
picture16,Cultural_Religious/4186772723.jpg,4186772723
picture17,Cultural_Religious/52588950876.jpg,52588950876
picture18,Cultural_Religious/52696667333.jpg,52696667333
picture19,Cultural_Religious/52895281971.jpg,52895281971
picture20,Cultural_Religious/53201876148.jpg,53201876148
picture21,Cultural_Religious/53239434086.jpg,53239434086
picture22,Cultural_Religious/53239514711.jpg,53239514711
picture23,Cultural_Religious/53239880549.jpg,53239880549
picture24,Cultural_Religious/53239886004.jpg,53239886004
picture25,Cultural_Religious/53248216460.jpg,53248216460
picture26,Cultural_Religious/53290611599.jpg,53290611599
picture27,Cultural_Religious/6046868353.jpg,6046868353
picture28,Cultural_Religious/6135926408.jpg,6135926408
picture29,Cultural_Religious/6485658283.jpg,6485658283
picture30,Cultural_Religious/6824615462.jpg,6824615462
picture31,Cultural_Religious/743057352656596993.jpg,743057352656596993
picture32,Cultural_Religious/793071021079334912.jpg,793071021079334912
picture33,Cultural_Religious/7938029776.jpg,7938029776
picture34,Cultural_Religious/8272830339.jpg,8272830339
picture35,Cultural_Religious/aiguestortes_NA_1619_35739266031__b.jpg,aiguestortes_NA_1619_35739266031__b
picture36,Cultural_Religious/aiguestortes_NA_1619_44496120751__b.jpg,aiguestortes_NA_1619_44496120751__b
picture37,Cultural_Religious/aiguestortes_NA_1660_40645789703__b.jpg,aiguestortes_NA_1660_40645789703__b
picture38,Cultural_Religious/aiguestortes_NA_1660_40674861983__b.jpg,aiguestortes_NA_1660_40674861983__b
picture39,Cultural_Religious/aiguestortes_NA_1660_47559281972__b.jpg,aiguestortes_NA_1660_47559281972__b
picture40,Cultural_Religious/aiguestortes_NA_1699_29186179392__b.jpg,aiguestortes_NA_1699_29186179392__b
picture41,Cultural_Religious/aiguestortes_NA_1699_32095244204__b.jpg,aiguestortes_NA_1699_32095244204__b
picture42,Cultural_Religious/aiguestortes_NA_2094_29399785715__b.jpg,aiguestortes_NA_2094_29399785715__b
picture43,Cultural_Religious/aiguestortes_NA_2094_45681782572__b.jpg,aiguestortes_NA_2094_45681782572__b
picture44,Cultural_Religious/aiguestortes_NA_2094_48590986456__b.jpg,aiguestortes_NA_2094_48590986456__b
picture45,Cultural_Religious/aiguestortes_NA_2142_36542348526__b.jpg,aiguestortes_NA_2142_36542348526__b
picture46,Cultural_Religious/aiguestortes_NA_2142_40839339785__b.jpg,aiguestortes_NA_2142_40839339785__b
picture47,Cultural_Religious/aiguestortes_NA_2142_40839342335__b.jpg,aiguestortes_NA_2142_40839342335__b
picture48,Cultural_Religious/aiguestortes_NA_2310_28552823092__b.jpg,aiguestortes_NA_2310_28552823092__b
picture49,Cultural_Religious/aiguestortes_NA_2380_29537607625__b.jpg,aiguestortes_NA_2380_29537607625__b
picture50,Cultural_Religious/aiguestortes_NA_2380_37578942284__b.jpg,aiguestortes_NA_2380_37578942284__b
picture51,Cultural_Religious/aiguestortes_NA_2383_28030533423__b.jpg,aiguestortes_NA_2383_28030533423__b
picture52,Cultural_Religious/aiguestortes_NA_2527_29010273014__b.jpg,aiguestortes_NA_2527_29010273014__b
picture53,Cultural_Religious/aiguestortes_NA_2527_48590905576__b.jpg,aiguestortes_NA_2527_48590905576__b
picture54,Cultural_Religious/aiguestortes_NA_2798_51184816929__b.jpg,aiguestortes_NA_2798_51184816929__b
picture55,Cultural_Religious/aiguestortes_NA_2798_51233361365__b.jpg,aiguestortes_NA_2798_51233361365__b
picture56,Cultural_Religious/aiguestortes_NA_2798_51233963082__b.jpg,aiguestortes_NA_2798_51233963082__b
picture57,Cultural_Religious/aiguestortes_NA_3303_52526863777__b.jpg,aiguestortes_NA_3303_52526863777__b
picture58,Cultural_Religious/aiguestortes_NA_3975_44159811004__b.jpg,aiguestortes_NA_3975_44159811004__b
picture59,Cultural_Religious/aiguestortes_NA_4136_51189027356__b.jpg,aiguestortes_NA_4136_51189027356__b
picture60,Cultural_Religious/aiguestortes_NA_4421_42574829660__b.jpg,aiguestortes_NA_4421_42574829660__b
picture61,Cultural_Religious/aiguestortes_NA_4421_51209341963__b.jpg,aiguestortes_NA_4421_51209341963__b
picture62,Cultural_Religious/granada_NA_1459_26663591204__b.jpg,granada_NA_1459_26663591204__b
picture63,Cultural_Religious/granada_NA_1514_33990757160__b.jpg,granada_NA_1514_33990757160__b
picture64,Cultural_Religious/granada_NA_1514_47809112982__b.jpg,granada_NA_1514_47809112982__b
picture65,Cultural_Religious/granada_NA_1515_28586554318__b.jpg,granada_NA_1515_28586554318__b
picture66,Cultural_Religious/granada_NA_1515_33934288300__b.jpg,granada_NA_1515_33934288300__b
picture67,Cultural_Religious/granada_NA_1515_35885531603__b.jpg,granada_NA_1515_35885531603__b
picture68,Cultural_Religious/granada_NA_1515_40047551385__b.jpg,granada_NA_1515_40047551385__b
picture69,Cultural_Religious/granada_NA_1515_52148491198__b.jpg,granada_NA_1515_52148491198__b
picture70,Cultural_Religious/granada_NA_1568_16157796180__b.jpg,granada_NA_1568_16157796180__b
picture71,Cultural_Religious/granada_NA_1568_16317808546__b.jpg,granada_NA_1568_16317808546__b
picture72,Cultural_Religious/granada_NA_1568_16342284111__b.jpg,granada_NA_1568_16342284111__b
picture73,Cultural_Religious/granada_NA_1568_16574423694__b.jpg,granada_NA_1568_16574423694__b
picture74,Cultural_Religious/granada_NA_1568_17107538809__b.jpg,granada_NA_1568_17107538809__b
picture75,Cultural_Religious/granada_NA_1568_17113461026__b.jpg,granada_NA_1568_17113461026__b
picture76,Cultural_Religious/granada_NA_1568_17115060597__b.jpg,granada_NA_1568_17115060597__b
picture77,Cultural_Religious/granada_NA_1568_17657696554__b.jpg,granada_NA_1568_17657696554__b
picture78,Cultural_Religious/granada_NA_1568_22013014559__b.jpg,granada_NA_1568_22013014559__b
picture79,Cultural_Religious/guadarrama_NA_1089_21378426370__b.jpg,guadarrama_NA_1089_21378426370__b
picture80,Cultural_Religious/guadarrama_NA_1773_23588115846__b.jpg,guadarrama_NA_1773_23588115846__b
picture81,Cultural_Religious/guadarrama_NA_1848_30840298192__b.jpg,guadarrama_NA_1848_30840298192__b
picture82,Cultural_Religious/guadarrama_NA_1848_31402197178__b.jpg,guadarrama_NA_1848_31402197178__b
picture83,Cultural_Religious/guadarrama_NA_1848_31476371753__b.jpg,guadarrama_NA_1848_31476371753__b
picture84,Cultural_Religious/guadarrama_NA_1848_38190002322__b.jpg,guadarrama_NA_1848_38190002322__b
picture85,Cultural_Religious/guadarrama_NA_1848_48864780916__b.jpg,guadarrama_NA_1848_48864780916__b
picture86,Cultural_Religious/guadarrama_NA_1853_26412191927__b.jpg,guadarrama_NA_1853_26412191927__b
picture87,Cultural_Religious/guadarrama_NA_1904_23937199888__b.jpg,guadarrama_NA_1904_23937199888__b
picture88,Cultural_Religious/guadarrama_NA_1929_45112784195__b.jpg,guadarrama_NA_1929_45112784195__b
picture89,Cultural_Religious/guadarrama_NA_1935_19954632351__b.jpg,guadarrama_NA_1935_19954632351__b
picture90,Cultural_Religious/guadarrama_NA_1935_26018395163__b.jpg,guadarrama_NA_1935_26018395163__b
picture91,Cultural_Religious/guadarrama_NA_1935_26032696038__b.jpg,guadarrama_NA_1935_26032696038__b
picture92,Cultural_Religious/guadarrama_NA_1935_26456342726__b.jpg,guadarrama_NA_1935_26456342726__b
picture93,Cultural_Religious/guadarrama_NA_1935_34379794105__b.jpg,guadarrama_NA_1935_34379794105__b
picture94,Cultural_Religious/guadarrama_NA_1935_35308771196__b.jpg,guadarrama_NA_1935_35308771196__b
picture95,Cultural_Religious/guadarrama_NA_1976_34053425796__b.jpg,guadarrama_NA_1976_34053425796__b
picture96,Cultural_Religious/guadarrama_NA_1976_49556302656__b.jpg,guadarrama_NA_1976_49556302656__b
picture97,Cultural_Religious/guadarrama_NA_2055_20790352514__b.jpg,guadarrama_NA_2055_20790352514__b
picture98,Cultural_Religious/guadarrama_NA_2057_16683150427__b.jpg,guadarrama_NA_2057_16683150427__b
picture99,Cultural_Religious/guadarrama_NA_2057_17032143585__b.jpg,guadarrama_NA_2057_17032143585__b
picture100,Cultural_Religious/guadarrama_NA_2057_17057428750__b.jpg,guadarrama_NA_2057_17057428750__b
picture101,Cultural_Religious/guadarrama_NA_2057_17106160801__b.jpg,guadarrama_NA_2057_17106160801__b
picture102,Cultural_Religious/guadarrama_NA_2057_23438961222__b.jpg,guadarrama_NA_2057_23438961222__b
picture103,Cultural_Religious/guadarrama_NA_2057_26369295510__b.jpg,guadarrama_NA_2057_26369295510__b
picture104,Cultural_Religious/guadarrama_NA_2057_26714666056__b.jpg,guadarrama_NA_2057_26714666056__b
picture105,Cultural_Religious/guadarrama_NA_2057_27210841739__b.jpg,guadarrama_NA_2057_27210841739__b
picture106,Cultural_Religious/snev_NA_11342_53239819483__b.jpg,snev_NA_11342_53239819483__b
picture107,Cultural_Religious/snev_NA_11342_53239885499__b.jpg,snev_NA_11342_53239885499__b
picture108,Cultural_Religious/snev_NA_2016_53201776524__b.jpg,snev_NA_2016_53201776524__b
picture109,Cultural_Religious/snev_NA_2016_53201789854__b.jpg,snev_NA_2016_53201789854__b
picture110,Cultural_Religious/snev_NA_5969_53299993115__b.jpg,snev_NA_5969_53299993115__b
picture111,Cultural_Religious/snev_NA_8457_53039187841__b.jpg,snev_NA_8457_53039187841__b
picture112,Cultural_Religious/snev_NA_8801_53429362979__b.jpg,snev_NA_8801_53429362979__b
picture113,Fauna_Flora/10060247786.jpg,10060247786
picture114,Fauna_Flora/10175081236.jpg,10175081236
picture115,Fauna_Flora/11162720455.jpg,11162720455
picture116,Fauna_Flora/13807137553.jpg,13807137553
picture117,Fauna_Flora/14752556530.jpg,14752556530
picture118,Fauna_Flora/15481664139.jpg,15481664139
picture119,Fauna_Flora/15580175993.jpg,15580175993
picture120,Fauna_Flora/15736759139.jpg,15736759139
picture121,Fauna_Flora/15889030197.jpg,15889030197
picture122,Fauna_Flora/16049568624.jpg,16049568624
picture123,Fauna_Flora/16304228615.jpg,16304228615
picture124,Fauna_Flora/17014327368.jpg,17014327368
picture125,Fauna_Flora/17315054645.jpg,17315054645
picture126,Fauna_Flora/17488207338.jpg,17488207338
picture127,Fauna_Flora/20020917376.jpg,20020917376
picture128,Fauna_Flora/28389432890.jpg,28389432890
picture129,Fauna_Flora/32038736582.jpg,32038736582
picture130,Fauna_Flora/3562856138.jpg,3562856138
picture131,Fauna_Flora/3702054860.jpg,3702054860
picture132,Fauna_Flora/4983347894.jpg,4983347894
picture133,Fauna_Flora/5523730580.jpg,5523730580
picture134,Fauna_Flora/5531977363.jpg,5531977363
picture135,Fauna_Flora/5553139712.jpg,5553139712
picture136,Fauna_Flora/6117063949.jpg,6117063949
picture137,Fauna_Flora/6190354422.jpg,6190354422
picture138,Fauna_Flora/6249292736.jpg,6249292736
picture139,Fauna_Flora/6425625799.jpg,6425625799
picture140,Fauna_Flora/6892753441.jpg,6892753441
picture141,Fauna_Flora/6926704583.jpg,6926704583
picture142,Fauna_Flora/7396425774.jpg,7396425774
picture143,Fauna_Flora/7576619256.jpg,7576619256
picture144,Fauna_Flora/8150000385.jpg,8150000385
picture145,Fauna_Flora/8190013891.jpg,8190013891
picture146,Fauna_Flora/8264538893.jpg,8264538893
picture147,Fauna_Flora/8961095358.jpg,8961095358
picture148,Fauna_Flora/9465538915.jpg,9465538915
picture149,Fauna_Flora/9655070465.jpg,9655070465
picture150,Fauna_Flora/9805533056.jpg,9805533056
picture151,Fauna_Flora/aiguestortes_NA_1042_40386765931__b.jpg,aiguestortes_NA_1042_40386765931__b
picture152,Fauna_Flora/aiguestortes_NA_1261_36623632253__b.jpg,aiguestortes_NA_1261_36623632253__b
picture153,Fauna_Flora/aiguestortes_NA_1261_37435999915__b.jpg,aiguestortes_NA_1261_37435999915__b
picture154,Fauna_Flora/aiguestortes_NA_1265_19925418530__b.jpg,aiguestortes_NA_1265_19925418530__b
picture155,Fauna_Flora/aiguestortes_NA_1269_21719857133__b.jpg,aiguestortes_NA_1269_21719857133__b
picture156,Fauna_Flora/aiguestortes_NA_1334_50030496927__b.jpg,aiguestortes_NA_1334_50030496927__b
picture157,Fauna_Flora/aiguestortes_NA_1545_16820597039__b.jpg,aiguestortes_NA_1545_16820597039__b
picture158,Fauna_Flora/aiguestortes_NA_1634_42339047952__b.jpg,aiguestortes_NA_1634_42339047952__b
picture159,Fauna_Flora/aiguestortes_NA_1646_27473050893__b.jpg,aiguestortes_NA_1646_27473050893__b
picture160,Fauna_Flora/aiguestortes_NA_1646_27486399564__b.jpg,aiguestortes_NA_1646_27486399564__b
picture161,Fauna_Flora/aiguestortes_NA_1646_27645183643__b.jpg,aiguestortes_NA_1646_27645183643__b
picture162,Fauna_Flora/aiguestortes_NA_1646_29449158992__b.jpg,aiguestortes_NA_1646_29449158992__b
picture163,Fauna_Flora/aiguestortes_NA_2807_29391085876__b.jpg,aiguestortes_NA_2807_29391085876__b
picture164,Fauna_Flora/aiguestortes_NA_3014_29162688591__b.jpg,aiguestortes_NA_3014_29162688591__b
picture165,Fauna_Flora/aiguestortes_NA_3322_22082257856__b.jpg,aiguestortes_NA_3322_22082257856__b
picture166,Fauna_Flora/aiguestortes_NA_4103_34494535174__b.jpg,aiguestortes_NA_4103_34494535174__b
picture167,Fauna_Flora/aiguestortes_NA_4316_48537875051__b.jpg,aiguestortes_NA_4316_48537875051__b
picture168,Fauna_Flora/aiguestortes_NA_4316_49649005582__b.jpg,aiguestortes_NA_4316_49649005582__b
picture169,Fauna_Flora/aiguestortes_NA_4458_39536197624__b.jpg,aiguestortes_NA_4458_39536197624__b
picture170,Fauna_Flora/aiguestortes_NA_4530_22285459092__b.jpg,aiguestortes_NA_4530_22285459092__b
picture171,Fauna_Flora/aiguestortes_NA_4530_31322036067__b.jpg,aiguestortes_NA_4530_31322036067__b
picture172,Fauna_Flora/aiguestortes_NA_4531_16560622462__b.jpg,aiguestortes_NA_4531_16560622462__b
picture173,Fauna_Flora/aiguestortes_NA_4531_24393122980__b.jpg,aiguestortes_NA_4531_24393122980__b
picture174,Fauna_Flora/aiguestortes_NA_4531_50416980428__b.jpg,aiguestortes_NA_4531_50416980428__b
picture175,Fauna_Flora/aiguestortes_NA_4531_50785605258__b.jpg,aiguestortes_NA_4531_50785605258__b
picture176,Fauna_Flora/aiguestortes_NA_4779_51534400886__b.jpg,aiguestortes_NA_4779_51534400886__b
picture177,Fauna_Flora/guadarrama_1_407382_1064123138412343298_image_DsSGVN5X4AAIXgx.jpg,guadarrama_1_407382_1064123138412343298_image_DsSGVN5X4AAIXgx
picture178,Fauna_Flora/guadarrama_NA_1030_52617576852__b.jpg,guadarrama_NA_1030_52617576852__b
picture179,Fauna_Flora/guadarrama_NA_1030_52680686822__b.jpg,guadarrama_NA_1030_52680686822__b
picture180,Fauna_Flora/guadarrama_NA_1030_52681488624__b.jpg,guadarrama_NA_1030_52681488624__b
picture181,Fauna_Flora/guadarrama_NA_1448_28556683567__b.jpg,guadarrama_NA_1448_28556683567__b
picture182,Fauna_Flora/guadarrama_NA_1448_28561373537__b.jpg,guadarrama_NA_1448_28561373537__b
picture183,Fauna_Flora/guadarrama_NA_1448_42693041345__b.jpg,guadarrama_NA_1448_42693041345__b
picture184,Fauna_Flora/guadarrama_NA_1448_43597621031__b.jpg,guadarrama_NA_1448_43597621031__b
picture185,Fauna_Flora/guadarrama_NA_1688_51989239357__b.jpg,guadarrama_NA_1688_51989239357__b
picture186,Fauna_Flora/ordesa_1_289664_555318419189673984_image_B7TjKOxIIAALguT.jpg,ordesa_1_289664_555318419189673984_image_B7TjKOxIIAALguT
picture187,Fauna_Flora/ordesa_2_188644_1535899098942930945_image_FVCcDBFWUAEPTP0.jpg,ordesa_2_188644_1535899098942930945_image_FVCcDBFWUAEPTP0
picture188,Fauna_Flora/ordesa_2_188644_1535899098942930945_image_FVCcDByXoAMTP_3.jpg,ordesa_2_188644_1535899098942930945_image_FVCcDByXoAMTP_3
picture189,Fauna_Flora/ordesa_2_226140_996877255510020096_image_DdWelCiXcAE1daQ.jpg,ordesa_2_226140_996877255510020096_image_DdWelCiXcAE1daQ
picture190,Fauna_Flora/ordesa_2_409294_1415404286960308226_image_E6SGnKtXEAUXds9.jpg,ordesa_2_409294_1415404286960308226_image_E6SGnKtXEAUXds9
picture191,Fauna_Flora/ordesa_2_409294_1415404286960308226_image_E6SGp2GWUAgyqyp.jpg,ordesa_2_409294_1415404286960308226_image_E6SGp2GWUAgyqyp
picture192,Fauna_Flora/ordesa_3_135310_1421786600623718404_image_E7szVo_WUAAiQuJ.jpg,ordesa_3_135310_1421786600623718404_image_E7szVo_WUAAiQuJ
picture193,Fauna_Flora/ordesa_3_135310_1566503155143155713_image_Fb1WTwiX0AE8qsI.jpg,ordesa_3_135310_1566503155143155713_image_Fb1WTwiX0AE8qsI
picture194,Fauna_Flora/ordesa_3_94886_1371875081085988864_image_EwnhGwuXEAQba9d.jpg,ordesa_3_94886_1371875081085988864_image_EwnhGwuXEAQba9d
picture195,Fauna_Flora/ordesa_5_246762_1551183692256657408_image_FYbpVy2XoAIaScr.jpg,ordesa_5_246762_1551183692256657408_image_FYbpVy2XoAIaScr
picture196,Fauna_Flora/ordesa_5_299870_1270388180878008320_image_EaFTSjMWsAITw4S.jpg,ordesa_5_299870_1270388180878008320_image_EaFTSjMWsAITw4S
picture197,Fauna_Flora/peneda_1_306967_1458527704253444097_image_FD27NTtWYAMtGNg.jpg,peneda_1_306967_1458527704253444097_image_FD27NTtWYAMtGNg
picture198,Fauna_Flora/peneda_1_343086_1424057011285676032_image_E8NESlKXMAs15gj.jpg,peneda_1_343086_1424057011285676032_image_E8NESlKXMAs15gj
picture199,Fauna_Flora/peneda_1_343086_1440052942623576078_image_E_wYgZfVIA8L3O7.jpg,peneda_1_343086_1440052942623576078_image_E_wYgZfVIA8L3O7
picture200,Fauna_Flora/peneda_1_343086_1441676351254118404_image_FAHc_wqVgAEhMJ4.jpg,peneda_1_343086_1441676351254118404_image_FAHc_wqVgAEhMJ4
picture201,Fauna_Flora/peneda_1_343086_1441681373064876039_image_FAHhjznXsAMH3s5.jpg,peneda_1_343086_1441681373064876039_image_FAHhjznXsAMH3s5
picture202,Fauna_Flora/peneda_1_343086_709115054155833346_image_CddIXFfWEAILX4l.jpg,peneda_1_343086_709115054155833346_image_CddIXFfWEAILX4l
picture203,Fauna_Flora/peneda_2_235009_883430465809645569_image_DEKTTfcXsAAXchl.jpg,peneda_2_235009_883430465809645569_image_DEKTTfcXsAAXchl
picture204,Fauna_Flora/peneda_2_235009_883430465809645569_image_DEKTTfTXUAI3dS1.jpg,peneda_2_235009_883430465809645569_image_DEKTTfTXUAI3dS1
picture205,Fauna_Flora/picos_1_326635_575679374260834304_image_B_05Vv9XAAAF2HT.jpg,picos_1_326635_575679374260834304_image_B_05Vv9XAAAF2HT
picture206,Fauna_Flora/picos_1_326635_895245952453398529_image_DGyNcSuXcAEXO4p.jpg,picos_1_326635_895245952453398529_image_DGyNcSuXcAEXO4p
picture207,Fauna_Flora/picos_1_329254_1150394647300251649_image_D_cDmv8WwAgOM-Q.jpg,picos_1_329254_1150394647300251649_image_D_cDmv8WwAgOM-Q
picture208,Fauna_Flora/picos_1_329254_1150394647300251649_image_D_cFyUvWkAEs66A.jpg,picos_1_329254_1150394647300251649_image_D_cFyUvWkAEs66A
picture209,Fauna_Flora/picos_1_368252_1297939601336807424_image_EgM1MCYX0AEB1G3.jpg,picos_1_368252_1297939601336807424_image_EgM1MCYX0AEB1G3
picture210,Fauna_Flora/picos_1_424866_609715665696591872_image_CHYlGi7VAAAOdpM.jpg,picos_1_424866_609715665696591872_image_CHYlGi7VAAAOdpM
picture211,Fauna_Flora/picos_1_490190_1154467449720455168_image_EAV99RCWwAAL7w8.jpg,picos_1_490190_1154467449720455168_image_EAV99RCWwAAL7w8
picture212,Fauna_Flora/picos_1_513587_1290691012713680896_image_Eel0oBMXkAYYBt5.jpg,picos_1_513587_1290691012713680896_image_Eel0oBMXkAYYBt5
picture213,Fauna_Flora/snev_NA_1408_53506114776__b.jpg,snev_NA_1408_53506114776__b
picture214,Fauna_Flora/snev_NA_1506_53518698824__b.jpg,snev_NA_1506_53518698824__b
picture215,Fauna_Flora/snev_NA_1603_53691783159__b.jpg,snev_NA_1603_53691783159__b
picture216,Fauna_Flora/snev_NA_1783_53665282774__b.jpg,snev_NA_1783_53665282774__b
picture217,Fauna_Flora/snev_NA_2100_52794729379__b.jpg,snev_NA_2100_52794729379__b
picture218,Fauna_Flora/snev_NA_2100_52950437568__b.jpg,snev_NA_2100_52950437568__b
picture219,Fauna_Flora/snev_NA_2100_52983089872__b.jpg,snev_NA_2100_52983089872__b
picture220,Fauna_Flora/snev_NA_3360_53095805920__b.jpg,snev_NA_3360_53095805920__b
picture221,Fauna_Flora/snev_NA_3361_52999458852__b.jpg,snev_NA_3361_52999458852__b
picture222,Fauna_Flora/snev_NA_646_53623173958__b.jpg,snev_NA_646_53623173958__b
picture223,Fauna_Flora/snev_NA_6898_52855823675__b.jpg,snev_NA_6898_52855823675__b
picture224,Fauna_Flora/snev_NA_6898_52855880808__b.jpg,snev_NA_6898_52855880808__b
picture225,Gastronomy/16748429757.jpg,16748429757
picture226,Gastronomy/17590473384.jpg,17590473384
picture227,Gastronomy/1843940935.jpg,1843940935
picture228,Gastronomy/20498164588.jpg,20498164588
picture229,Gastronomy/2134564411.jpg,2134564411
picture230,Gastronomy/23173342474.jpg,23173342474
picture231,Gastronomy/25444451341.jpg,25444451341
picture232,Gastronomy/3999817857.jpg,3999817857
picture233,Gastronomy/5143540019.jpg,5143540019
picture234,Gastronomy/5547921397.jpg,5547921397
picture235,Gastronomy/5918993653.jpg,5918993653
picture236,Gastronomy/7598948890.jpg,7598948890
picture237,Gastronomy/9706222005.jpg,9706222005
picture238,Gastronomy/aiguestortes_NA_1553_49704457123__b.jpg,aiguestortes_NA_1553_49704457123__b
picture239,Gastronomy/aiguestortes_NA_1553_49705308072__b.jpg,aiguestortes_NA_1553_49705308072__b
picture240,Gastronomy/aiguestortes_NA_1619_28254834614__b.jpg,aiguestortes_NA_1619_28254834614__b
picture241,Gastronomy/aiguestortes_NA_1619_28796105081__b.jpg,aiguestortes_NA_1619_28796105081__b
picture242,Gastronomy/aiguestortes_NA_1619_28872141055__b.jpg,aiguestortes_NA_1619_28872141055__b
picture243,Gastronomy/aiguestortes_NA_1619_28872141475__b.jpg,aiguestortes_NA_1619_28872141475__b
picture244,Gastronomy/aiguestortes_NA_1619_32149396937__b.jpg,aiguestortes_NA_1619_32149396937__b
picture245,Gastronomy/aiguestortes_NA_1619_33676772871__b.jpg,aiguestortes_NA_1619_33676772871__b
picture246,Gastronomy/aiguestortes_NA_3414_20678138672__b.jpg,aiguestortes_NA_3414_20678138672__b
picture247,Gastronomy/aiguestortes_NA_3934_51438262507__b.jpg,aiguestortes_NA_3934_51438262507__b
picture248,Gastronomy/aiguestortes_NA_3934_51438262692__b.jpg,aiguestortes_NA_3934_51438262692__b
picture249,Gastronomy/aiguestortes_NA_3934_51439014916__b.jpg,aiguestortes_NA_3934_51439014916__b
picture250,Gastronomy/aiguestortes_NA_3934_51439017051__b.jpg,aiguestortes_NA_3934_51439017051__b
picture251,Gastronomy/granada_NA_1036_16552056024__b.jpg,granada_NA_1036_16552056024__b
picture252,Gastronomy/granada_NA_1460_48361689447__b.jpg,granada_NA_1460_48361689447__b
picture253,Gastronomy/granada_NA_1460_49101463488__b.jpg,granada_NA_1460_49101463488__b
picture254,Gastronomy/granada_NA_1513_30940686051__b.jpg,granada_NA_1513_30940686051__b
picture255,Gastronomy/granada_NA_1513_30941180401__b.jpg,granada_NA_1513_30941180401__b
picture256,Gastronomy/granada_NA_1514_16038631257__b.jpg,granada_NA_1514_16038631257__b
picture257,Gastronomy/granada_NA_1515_26332274000__b.jpg,granada_NA_1515_26332274000__b
picture258,Gastronomy/granada_NA_1515_26496426172__b.jpg,granada_NA_1515_26496426172__b
picture259,Gastronomy/granada_NA_1515_29492555041__b.jpg,granada_NA_1515_29492555041__b
picture260,Gastronomy/granada_NA_1515_31856323667__b.jpg,granada_NA_1515_31856323667__b
picture261,Gastronomy/granada_NA_1515_33769239460__b.jpg,granada_NA_1515_33769239460__b
picture262,Gastronomy/granada_NA_1516_24030347533__b.jpg,granada_NA_1516_24030347533__b
picture263,Gastronomy/granada_NA_1516_24030347833__b.jpg,granada_NA_1516_24030347833__b
picture264,Gastronomy/granada_NA_1516_24289427919__b.jpg,granada_NA_1516_24289427919__b
picture265,Gastronomy/granada_NA_1516_24361611900__b.jpg,granada_NA_1516_24361611900__b
picture266,Gastronomy/granada_NA_1567_48044792733__b.jpg,granada_NA_1567_48044792733__b
picture267,Gastronomy/granada_NA_1567_48044793863__b.jpg,granada_NA_1567_48044793863__b
picture268,Gastronomy/granada_NA_1568_19218019881__b.jpg,granada_NA_1568_19218019881__b
picture269,Gastronomy/granada_NA_1569_16495160525__b.jpg,granada_NA_1569_16495160525__b
picture270,Gastronomy/granada_NA_1569_18238955241__b.jpg,granada_NA_1569_18238955241__b
picture271,Gastronomy/granada_NA_1569_26998964242__b.jpg,granada_NA_1569_26998964242__b
picture272,Gastronomy/granada_NA_1569_27288491291__b.jpg,granada_NA_1569_27288491291__b
picture273,Gastronomy/granada_NA_1569_27289540621__b.jpg,granada_NA_1569_27289540621__b
picture274,Gastronomy/granada_NA_1569_27326672876__b.jpg,granada_NA_1569_27326672876__b
picture275,Gastronomy/granada_NA_1569_28251973500__b.jpg,granada_NA_1569_28251973500__b
picture276,Gastronomy/granada_NA_1569_28503898666__b.jpg,granada_NA_1569_28503898666__b
picture277,Gastronomy/granada_NA_1569_31073361172__b.jpg,granada_NA_1569_31073361172__b
picture278,Gastronomy/granada_NA_1569_36701251353__b.jpg,granada_NA_1569_36701251353__b
picture279,Gastronomy/granada_NA_1569_36708244584__b.jpg,granada_NA_1569_36708244584__b
picture280,Gastronomy/granada_NA_1569_36708247034__b.jpg,granada_NA_1569_36708247034__b
picture281,Gastronomy/granada_NA_1569_37153437220__b.jpg,granada_NA_1569_37153437220__b
picture282,Gastronomy/granada_NA_1569_37160465650__b.jpg,granada_NA_1569_37160465650__b
picture283,Gastronomy/granada_NA_1569_37341035666__b.jpg,granada_NA_1569_37341035666__b
picture284,Gastronomy/granada_NA_1569_37999443504__b.jpg,granada_NA_1569_37999443504__b
picture285,Gastronomy/granada_NA_1569_40457880732__b.jpg,granada_NA_1569_40457880732__b
picture286,Gastronomy/granada_NA_1569_46120381524__b.jpg,granada_NA_1569_46120381524__b
picture287,Gastronomy/granada_NA_1569_48605772306__b.jpg,granada_NA_1569_48605772306__b
picture288,Gastronomy/granada_NA_1569_48611635383__b.jpg,granada_NA_1569_48611635383__b
picture289,Gastronomy/guadarrama_1_318396_1457001597314256902_image_FDhPOh4XMAMVtSn.jpg,guadarrama_1_318396_1457001597314256902_image_FDhPOh4XMAMVtSn
picture290,Gastronomy/guadarrama_NA_1597_17695304194__b.jpg,guadarrama_NA_1597_17695304194__b
picture291,Gastronomy/guadarrama_NA_1935_15947164214__b.jpg,guadarrama_NA_1935_15947164214__b
picture292,Gastronomy/guadarrama_NA_1935_16481511903__b.jpg,guadarrama_NA_1935_16481511903__b
picture293,Gastronomy/guadarrama_NA_1935_17101667665__b.jpg,guadarrama_NA_1935_17101667665__b
picture294,Gastronomy/guadarrama_NA_1935_17521870249__b.jpg,guadarrama_NA_1935_17521870249__b
picture295,Gastronomy/guadarrama_NA_1935_17705629892__b.jpg,guadarrama_NA_1935_17705629892__b
picture296,Gastronomy/guadarrama_NA_1935_17708146555__b.jpg,guadarrama_NA_1935_17708146555__b
picture297,Gastronomy/guadarrama_NA_1935_51979629036__b.jpg,guadarrama_NA_1935_51979629036__b
picture298,Gastronomy/guadarrama_NA_2057_17130644837__b.jpg,guadarrama_NA_2057_17130644837__b
picture299,Gastronomy/guadarrama_NA_2057_26039046803__b.jpg,guadarrama_NA_2057_26039046803__b
picture300,Gastronomy/ordesa_2_188644_1007727526163120129_image_Dfwq1XrXUAE5sob.jpg,ordesa_2_188644_1007727526163120129_image_Dfwq1XrXUAE5sob
picture301,Gastronomy/ordesa_2_188644_676046638490718208_image_CWHMlmzWIAU9hfs.jpg,ordesa_2_188644_676046638490718208_image_CWHMlmzWIAU9hfs
picture302,Gastronomy/ordesa_5_202352_1310234674766241792_image_Ei7jfCWXsAAsyEj.jpg,ordesa_5_202352_1310234674766241792_image_Ei7jfCWXsAAsyEj
picture303,Gastronomy/peneda_1_305170_1476178885918212102_image_FHxw2kVXwAgkXae.jpg,peneda_1_305170_1476178885918212102_image_FHxw2kVXwAgkXae
picture304,Gastronomy/peneda_1_306967_1344389280903409666_image_Eqg6yeeW8AEw9ft.jpg,peneda_1_306967_1344389280903409666_image_Eqg6yeeW8AEw9ft
picture305,Gastronomy/peneda_1_306967_1543561855800582148_image_FWvVU72WQAAG5Tz.jpg,peneda_1_306967_1543561855800582148_image_FWvVU72WQAAG5Tz
picture306,Gastronomy/peneda_1_343086_1315026742873030656_image_Ej_p0eaXkAIVjX_.jpg,peneda_1_343086_1315026742873030656_image_Ej_p0eaXkAIVjX_
picture307,Gastronomy/peneda_1_343086_1439578992995147778_image_E_ppdQmWEAMCbjk.jpg,peneda_1_343086_1439578992995147778_image_E_ppdQmWEAMCbjk
picture308,Gastronomy/peneda_1_343086_1439580545516773386_image_E_pq3z6WUAIOa76.jpg,peneda_1_343086_1439580545516773386_image_E_pq3z6WUAIOa76
picture309,Gastronomy/peneda_1_343086_1439582331929497606_image_E_psftaXsAYC5JT.jpg,peneda_1_343086_1439582331929497606_image_E_psftaXsAYC5JT
picture310,Gastronomy/peneda_1_343086_1441736446168031233_image_FAITpjAXoAAl_4c.jpg,peneda_1_343086_1441736446168031233_image_FAITpjAXoAAl_4c
picture311,Gastronomy/peneda_1_343086_1444644346939256837_image_FAxoXuEXIAECkcf.jpg,peneda_1_343086_1444644346939256837_image_FAxoXuEXIAECkcf
picture312,Gastronomy/peneda_1_343086_1530510561112477697_image_FT13PDtXwAAVi9a.jpg,peneda_1_343086_1530510561112477697_image_FT13PDtXwAAVi9a
picture313,Gastronomy/peneda_1_343086_768824470450606081_image_CqtprJlWIAENDDt.jpg,peneda_1_343086_768824470450606081_image_CqtprJlWIAENDDt
picture314,Gastronomy/peneda_1_373660_1566067862401417216_image_FbvKaQsXwAE-Wtx.jpg,peneda_1_373660_1566067862401417216_image_FbvKaQsXwAE-Wtx
picture315,Gastronomy/peneda_1_393104_1562442460777054209_image_Fa7pIXFVsAA7MR0.jpg,peneda_1_393104_1562442460777054209_image_Fa7pIXFVsAA7MR0
picture316,Gastronomy/peneda_1_539861_1598770798566821888_image_Fi_5jt3WQAA40Tc.jpg,peneda_1_539861_1598770798566821888_image_Fi_5jt3WQAA40Tc
picture317,Gastronomy/peneda_1_539861_1598770798566821888_image_Fi_5kWwXEA490iq.jpg,peneda_1_539861_1598770798566821888_image_Fi_5kWwXEA490iq
picture318,Gastronomy/peneda_2_183870_1547563742426062849_image_FXoM-AbVQAA6hEH.jpg,peneda_2_183870_1547563742426062849_image_FXoM-AbVQAA6hEH
picture319,Gastronomy/peneda_2_183870_1547563742426062849_image_FXoM_ShUsAIXZ_A.jpg,peneda_2_183870_1547563742426062849_image_FXoM_ShUsAIXZ_A
picture320,Gastronomy/peneda_2_183870_1547563742426062849_image_FXoNAXHUEAQp-Xh.jpg,peneda_2_183870_1547563742426062849_image_FXoNAXHUEAQp-Xh
picture321,Gastronomy/peneda_2_189266_1548418140618444800_image_FX0WFOnUIAcwPHc.jpg,peneda_2_189266_1548418140618444800_image_FX0WFOnUIAcwPHc
picture322,Gastronomy/peneda_2_235009_1097144414215069697_image_DznW_bfXcAEg1vz.jpg,peneda_2_235009_1097144414215069697_image_DznW_bfXcAEg1vz
picture323,Gastronomy/peneda_2_235009_1230792454150008841_image_ERSnNTtWsAA2ebT.jpg,peneda_2_235009_1230792454150008841_image_ERSnNTtWsAA2ebT
picture324,Gastronomy/peneda_2_235009_827857511797624832_image_C30kAPWWAAAODQs.jpg,peneda_2_235009_827857511797624832_image_C30kAPWWAAAODQs
picture325,Gastronomy/picos_1_330090_1008446598630789120_image_Df641kiXUAAd0Tn.jpg,picos_1_330090_1008446598630789120_image_Df641kiXUAAd0Tn
picture326,Gastronomy/picos_1_448402_1290371010433363970_image_EehRkuOXsAAYkjo.jpg,picos_1_448402_1290371010433363970_image_EehRkuOXsAAYkjo
picture327,Gastronomy/picos_1_448402_1290371010433363970_image_EehRkuPXoAAqLoH.jpg,picos_1_448402_1290371010433363970_image_EehRkuPXoAAqLoH
picture328,Gastronomy/picos_1_489325_1278461406946430976_image_Eb4B3bDWoAAyME_.jpg,picos_1_489325_1278461406946430976_image_Eb4B3bDWoAAyME_
picture329,Gastronomy/picos_1_489325_1278461406946430976_image_Eb4B3bQWkAAd1H8.jpg,picos_1_489325_1278461406946430976_image_Eb4B3bQWkAAd1H8
picture330,Gastronomy/snev_NA_1410_52923518921__b.jpg,snev_NA_1410_52923518921__b
picture331,Gastronomy/snev_NA_1410_53325043063__b.jpg,snev_NA_1410_53325043063__b
picture332,Gastronomy/snev_NA_1508_52677789415__b.jpg,snev_NA_1508_52677789415__b
picture333,Gastronomy/snev_NA_1508_53305949084__b.jpg,snev_NA_1508_53305949084__b
picture334,Gastronomy/snev_NA_1508_53540520451__b.jpg,snev_NA_1508_53540520451__b
picture335,Gastronomy/snev_NA_1508_53540943815__b.jpg,snev_NA_1508_53540943815__b
picture336,Gastronomy/snev_NA_1508_53540943840__b.jpg,snev_NA_1508_53540943840__b
picture337,Nature/10192830644.jpg,10192830644
picture338,Nature/10578090995.jpg,10578090995
picture339,Nature/10903285914.jpg,10903285914
picture340,Nature/11325859575.jpg,11325859575
picture341,Nature/13032859175.jpg,13032859175
picture342,Nature/13412633863.jpg,13412633863
picture343,Nature/14029831379.jpg,14029831379
picture344,Nature/14167873582.jpg,14167873582
picture345,Nature/14351085109.jpg,14351085109
picture346,Nature/14374003418.jpg,14374003418
picture347,Nature/14418318727.jpg,14418318727
picture348,Nature/14484144266.jpg,14484144266
picture349,Nature/14573118620.jpg,14573118620
picture350,Nature/14879264279.jpg,14879264279
picture351,Nature/15103341192.jpg,15103341192
picture352,Nature/15396195325.jpg,15396195325
picture353,Nature/15648359227.jpg,15648359227
picture354,Nature/15748561004.jpg,15748561004
picture355,Nature/15784226542.jpg,15784226542
picture356,Nature/15833799008.jpg,15833799008
picture357,Nature/15921109103.jpg,15921109103
picture358,Nature/16309755933.jpg,16309755933
picture359,Nature/16688192028.jpg,16688192028
picture360,Nature/16993249722.jpg,16993249722
picture361,Nature/17676355311.jpg,17676355311
picture362,Nature/20301914970.jpg,20301914970
picture363,Nature/20626070283.jpg,20626070283
picture364,Nature/20970019044.jpg,20970019044
picture365,Nature/21183667878.jpg,21183667878
picture366,Nature/21312977873.jpg,21312977873
picture367,Nature/24107043792.jpg,24107043792
picture368,Nature/24458165162.jpg,24458165162
picture369,Nature/26005545474.jpg,26005545474
picture370,Nature/26544448184.jpg,26544448184
picture371,Nature/2703593478.jpg,2703593478
picture372,Nature/27476343683.jpg,27476343683
picture373,Nature/27640951061.jpg,27640951061
picture374,Nature/29659160334.jpg,29659160334
picture375,Nature/30184058546.jpg,30184058546
picture376,Nature/32668322635.jpg,32668322635
picture377,Nature/32713864094.jpg,32713864094
picture378,Nature/33096158665.jpg,33096158665
picture379,Nature/33209378483.jpg,33209378483
picture380,Nature/3329892237.jpg,3329892237
picture381,Nature/343792993.jpg,343792993
picture382,Nature/4318183411.jpg,4318183411
picture383,Nature/4563550677.jpg,4563550677
picture384,Nature/4763293627.jpg,4763293627
picture385,Nature/4908788040.jpg,4908788040
picture386,Nature/5104680745.jpg,5104680745
picture387,Nature/5168617623.jpg,5168617623
picture388,Nature/5329594107.jpg,5329594107
picture389,Nature/5372534323.jpg,5372534323
picture390,Nature/5416039805.jpg,5416039805
picture391,Nature/5515379764.jpg,5515379764
picture392,Nature/5520127618.jpg,5520127618
picture393,Nature/5568914885.jpg,5568914885
picture394,Nature/5845827509.jpg,5845827509
picture395,Nature/5866646974.jpg,5866646974
picture396,Nature/6065841308.jpg,6065841308
picture397,Nature/6120594033.jpg,6120594033
picture398,Nature/6161407443.jpg,6161407443
picture399,Nature/6320107896.jpg,6320107896
picture400,Nature/6351336512.jpg,6351336512
picture401,Nature/6383187179.jpg,6383187179
picture402,Nature/6399967031.jpg,6399967031
picture403,Nature/6477020097.jpg,6477020097
picture404,Nature/6488141837.jpg,6488141837
picture405,Nature/6661780175.jpg,6661780175
picture406,Nature/6783197280.jpg,6783197280
picture407,Nature/6983492674.jpg,6983492674
picture408,Nature/7059804763.jpg,7059804763
picture409,Nature/7208322434.jpg,7208322434
picture410,Nature/8354991994.jpg,8354991994
picture411,Nature/8508711761.jpg,8508711761
picture412,Nature/8513250557.jpg,8513250557
picture413,Nature/8516279207.jpg,8516279207
picture414,Nature/8695897222.jpg,8695897222
picture415,Nature/8705711463.jpg,8705711463
picture416,Nature/8927168605.jpg,8927168605
picture417,Nature/9566973276.jpg,9566973276
picture418,Nature/9671767264.jpg,9671767264
picture419,Nature/aiguestortes_NA_1050_50271790722__b.jpg,aiguestortes_NA_1050_50271790722__b
picture420,Nature/aiguestortes_NA_1194_22311832346__b.jpg,aiguestortes_NA_1194_22311832346__b
picture421,Nature/aiguestortes_NA_1195_52239976525__b.jpg,aiguestortes_NA_1195_52239976525__b
picture422,Nature/aiguestortes_NA_1267_37319589320__b.jpg,aiguestortes_NA_1267_37319589320__b
picture423,Nature/aiguestortes_NA_1268_52163772554__b.jpg,aiguestortes_NA_1268_52163772554__b
picture424,Nature/aiguestortes_NA_1342_48848685908__b.jpg,aiguestortes_NA_1342_48848685908__b
picture425,Nature/aiguestortes_NA_1416_50421461376__b.jpg,aiguestortes_NA_1416_50421461376__b
picture426,Nature/aiguestortes_NA_1634_41110610412__b.jpg,aiguestortes_NA_1634_41110610412__b
picture427,Nature/aiguestortes_NA_1634_45337508764__b.jpg,aiguestortes_NA_1634_45337508764__b
picture428,Nature/aiguestortes_NA_1634_46288837062__b.jpg,aiguestortes_NA_1634_46288837062__b
picture429,Nature/aiguestortes_NA_1634_50176674968__b.jpg,aiguestortes_NA_1634_50176674968__b
picture430,Nature/aiguestortes_NA_2375_35656744093__b.jpg,aiguestortes_NA_2375_35656744093__b
picture431,Nature/aiguestortes_NA_2567_37100314550__b.jpg,aiguestortes_NA_2567_37100314550__b
picture432,Nature/aiguestortes_NA_3076_48388491727__b.jpg,aiguestortes_NA_3076_48388491727__b
picture433,Nature/aiguestortes_NA_3321_50404325866__b.jpg,aiguestortes_NA_3321_50404325866__b
picture434,Nature/aiguestortes_NA_3368_31437606102__b.jpg,aiguestortes_NA_3368_31437606102__b
picture435,Nature/aiguestortes_NA_3368_31468213741__b.jpg,aiguestortes_NA_3368_31468213741__b
picture436,Nature/aiguestortes_NA_3368_33138935343__b.jpg,aiguestortes_NA_3368_33138935343__b
picture437,Nature/aiguestortes_NA_3368_48388425617__b.jpg,aiguestortes_NA_3368_48388425617__b
picture438,Nature/aiguestortes_NA_3372_30761746955__b.jpg,aiguestortes_NA_3372_30761746955__b
picture439,Nature/aiguestortes_NA_3389_52221781864__b.jpg,aiguestortes_NA_3389_52221781864__b
picture440,Nature/aiguestortes_NA_3588_31191153132__b.jpg,aiguestortes_NA_3588_31191153132__b
picture441,Nature/aiguestortes_NA_3691_21804600352__b.jpg,aiguestortes_NA_3691_21804600352__b
picture442,Nature/aiguestortes_NA_3980_29029839511__b.jpg,aiguestortes_NA_3980_29029839511__b
picture443,Nature/aiguestortes_NA_5644_30127297372__b.jpg,aiguestortes_NA_5644_30127297372__b
picture444,Nature/granada_977255_977255_581933008221016065_image_CBNw4KDWgAANI3A.jpg,granada_977255_977255_581933008221016065_image_CBNw4KDWgAANI3A
picture445,Nature/snev_NA_1029_53552163740__b.jpg,snev_NA_1029_53552163740__b
picture446,Nature/snev_NA_2664_52718556933__b.jpg,snev_NA_2664_52718556933__b
picture447,Nature/snev_NA_3360_53004362635__b.jpg,snev_NA_3360_53004362635__b
picture448,Nature/snev_NA_379_53411421379__b.jpg,snev_NA_379_53411421379__b
picture449,Sports/10121105795.jpg,10121105795
picture450,Sports/11451157766.jpg,11451157766
picture451,Sports/12194437274.jpg,12194437274
picture452,Sports/12248877834.jpg,12248877834
picture453,Sports/12286735546.jpg,12286735546
picture454,Sports/12288056533.jpg,12288056533
picture455,Sports/12289634865.jpg,12289634865
picture456,Sports/123724921.jpg,123724921
picture457,Sports/12858562793.jpg,12858562793
picture458,Sports/13673460293.jpg,13673460293
picture459,Sports/13697374973.jpg,13697374973
picture460,Sports/13697720435.jpg,13697720435
picture461,Sports/13931427847.jpg,13931427847
picture462,Sports/13968180107.jpg,13968180107
picture463,Sports/13968210960.jpg,13968210960
picture464,Sports/14472173930.jpg,14472173930
picture465,Sports/15290268886.jpg,15290268886
picture466,Sports/15506384734.jpg,15506384734
picture467,Sports/15575194534.jpg,15575194534
picture468,Sports/16090872610.jpg,16090872610
picture469,Sports/16133152924.jpg,16133152924
picture470,Sports/16173052383.jpg,16173052383
picture471,Sports/1662137160.jpg,1662137160
picture472,Sports/16893207921.jpg,16893207921
picture473,Sports/16965159129.jpg,16965159129
picture474,Sports/17127923330.jpg,17127923330
picture475,Sports/17247977994.jpg,17247977994
picture476,Sports/17590266054.jpg,17590266054
picture477,Sports/18805801745.jpg,18805801745
picture478,Sports/19035985034.jpg,19035985034
picture479,Sports/19037448683.jpg,19037448683
picture480,Sports/19781661380.jpg,19781661380
picture481,Sports/20177672363.jpg,20177672363
picture482,Sports/20285129223.jpg,20285129223
picture483,Sports/21442525899.jpg,21442525899
picture484,Sports/21577151134.jpg,21577151134
picture485,Sports/2255016304.jpg,2255016304
picture486,Sports/2260481515.jpg,2260481515
picture487,Sports/26771374906.jpg,26771374906
picture488,Sports/28576502574.jpg,28576502574
picture489,Sports/29936549254.jpg,29936549254
picture490,Sports/3048550650.jpg,3048550650
picture491,Sports/3073534171.jpg,3073534171
picture492,Sports/31368456353.jpg,31368456353
picture493,Sports/3220154765.jpg,3220154765
picture494,Sports/32674816093.jpg,32674816093
picture495,Sports/32713756964.jpg,32713756964
picture496,Sports/33419070042.jpg,33419070042
picture497,Sports/33778651610.jpg,33778651610
picture498,Sports/34003840640.jpg,34003840640
picture499,Sports/357385115.jpg,357385115
picture500,Sports/4279114426.jpg,4279114426
picture501,Sports/4521011659.jpg,4521011659
picture502,Sports/4531783470.jpg,4531783470
picture503,Sports/4919888811.jpg,4919888811
picture504,Sports/4936057896.jpg,4936057896
picture505,Sports/5057666164.jpg,5057666164
picture506,Sports/5304135095.jpg,5304135095
picture507,Sports/5362857827.jpg,5362857827
picture508,Sports/5381834791.jpg,5381834791
picture509,Sports/5422823239.jpg,5422823239
picture510,Sports/5456351224.jpg,5456351224
picture511,Sports/5508732814.jpg,5508732814
picture512,Sports/5856334784.jpg,5856334784
picture513,Sports/6305005523.jpg,6305005523
picture514,Sports/6504104495.jpg,6504104495
picture515,Sports/67876987.jpg,67876987
picture516,Sports/6999243162.jpg,6999243162
picture517,Sports/7263520580.jpg,7263520580
picture518,Sports/7526466488.jpg,7526466488
picture519,Sports/7599087722.jpg,7599087722
picture520,Sports/7823905540.jpg,7823905540
picture521,Sports/7826092770.jpg,7826092770
picture522,Sports/7990475095.jpg,7990475095
picture523,Sports/8253686521.jpg,8253686521
picture524,Sports/8336571321.jpg,8336571321
picture525,Sports/8336574447.jpg,8336574447
picture526,Sports/8491155915.jpg,8491155915
picture527,Sports/9007850349.jpg,9007850349
picture528,Sports/9230416703.jpg,9230416703
picture529,Sports/9415379210.jpg,9415379210
picture530,Sports/9495280825.jpg,9495280825
picture531,Sports/9498075552.jpg,9498075552
picture532,Sports/9607646931.jpg,9607646931
picture533,Sports/aiguestortes_NA_1195_50271791697__b.jpg,aiguestortes_NA_1195_50271791697__b
picture534,Sports/aiguestortes_NA_1196_32853153568__b.jpg,aiguestortes_NA_1196_32853153568__b
picture535,Sports/aiguestortes_NA_1201_52395819360__b.jpg,aiguestortes_NA_1201_52395819360__b
picture536,Sports/aiguestortes_NA_1266_22348594121__b.jpg,aiguestortes_NA_1266_22348594121__b
picture537,Sports/aiguestortes_NA_1273_33729607764__b.jpg,aiguestortes_NA_1273_33729607764__b
picture538,Sports/aiguestortes_NA_1634_52326648263__b.jpg,aiguestortes_NA_1634_52326648263__b
picture539,Sports/aiguestortes_NA_2807_29425502625__b.jpg,aiguestortes_NA_2807_29425502625__b
picture540,Sports/aiguestortes_NA_325_19417893170__o.jpg,aiguestortes_NA_325_19417893170__o
picture541,Sports/aiguestortes_NA_3370_45799349285__b.jpg,aiguestortes_NA_3370_45799349285__b
picture542,Sports/aiguestortes_NA_3547_29391679506__b.jpg,aiguestortes_NA_3547_29391679506__b
picture543,Sports/aiguestortes_NA_4459_17269608558__b.jpg,aiguestortes_NA_4459_17269608558__b
picture544,Sports/aiguestortes_NA_4459_17269616348__b.jpg,aiguestortes_NA_4459_17269616348__b
picture545,Sports/aiguestortes_NA_4459_17522660232__b.jpg,aiguestortes_NA_4459_17522660232__b
picture546,Sports/granada_989780_989780_1475776674465779717_image_FHsDB-MXEAM-kVE.jpg,granada_989780_989780_1475776674465779717_image_FHsDB-MXEAM-kVE
picture547,Sports/guadarrama_NA_1265_16668356984__b.jpg,guadarrama_NA_1265_16668356984__b
picture548,Sports/guadarrama_NA_1265_16671961223__b.jpg,guadarrama_NA_1265_16671961223__b
picture549,Sports/guadarrama_NA_1265_17083374267__b.jpg,guadarrama_NA_1265_17083374267__b
picture550,Sports/guadarrama_NA_1265_17090565157__b.jpg,guadarrama_NA_1265_17090565157__b
picture551,Sports/guadarrama_NA_1346_17307561042__b.jpg,guadarrama_NA_1346_17307561042__b
picture552,Sports/guadarrama_NA_1855_27591494951__b.jpg,guadarrama_NA_1855_27591494951__b
picture553,Sports/guadarrama_NA_1855_27591532511__b.jpg,guadarrama_NA_1855_27591532511__b
picture554,Sports/guadarrama_NA_1855_27630768116__b.jpg,guadarrama_NA_1855_27630768116__b
picture555,Sports/peneda_1_343086_1029791430754136064_image_DkqN15bW0AAFu8E.jpg,peneda_1_343086_1029791430754136064_image_DkqN15bW0AAFu8E
picture556,Sports/snev_NA_1125_52825563015__b.jpg,snev_NA_1125_52825563015__b
picture557,Sports/snev_NA_1529_52699245055__b.jpg,snev_NA_1529_52699245055__b
picture558,Sports/snev_NA_1612_52825164661__b.jpg,snev_NA_1612_52825164661__b
picture559,Sports/snev_NA_2371_53505135549__b.jpg,snev_NA_2371_53505135549__b
picture560,Sports/snev_NA_642_52698806466__b.jpg,snev_NA_642_52698806466__b
picture561,Urban_Rural/10460621504.jpg,10460621504
picture562,Urban_Rural/10520496056.jpg,10520496056
picture563,Urban_Rural/10809414443.jpg,10809414443
picture564,Urban_Rural/10940773136.jpg,10940773136
picture565,Urban_Rural/11671814735.jpg,11671814735
picture566,Urban_Rural/12086035304.jpg,12086035304
picture567,Urban_Rural/12349056745.jpg,12349056745
picture568,Urban_Rural/12383415163.jpg,12383415163
picture569,Urban_Rural/13664649045.jpg,13664649045
picture570,Urban_Rural/13743182995.jpg,13743182995
picture571,Urban_Rural/13992749717.jpg,13992749717
picture572,Urban_Rural/14096993620.jpg,14096993620
picture573,Urban_Rural/14742565259.jpg,14742565259
picture574,Urban_Rural/15092844284.jpg,15092844284
picture575,Urban_Rural/15203261111.jpg,15203261111
picture576,Urban_Rural/15455154893.jpg,15455154893
picture577,Urban_Rural/15475577520.jpg,15475577520
picture578,Urban_Rural/15552858488.jpg,15552858488
picture579,Urban_Rural/15576564732.jpg,15576564732
picture580,Urban_Rural/15644678256.jpg,15644678256
picture581,Urban_Rural/16484509484.jpg,16484509484
picture582,Urban_Rural/16981118958.jpg,16981118958
picture583,Urban_Rural/16994636907.jpg,16994636907
picture584,Urban_Rural/17719592369.jpg,17719592369
picture585,Urban_Rural/18078709725.jpg,18078709725
picture586,Urban_Rural/18102875606.jpg,18102875606
picture587,Urban_Rural/18892464530.jpg,18892464530
picture588,Urban_Rural/1931164006.jpg,1931164006
picture589,Urban_Rural/19574857001.jpg,19574857001
picture590,Urban_Rural/2056170462.jpg,2056170462
picture591,Urban_Rural/20733389551.jpg,20733389551
picture592,Urban_Rural/20737258876.jpg,20737258876
picture593,Urban_Rural/20813616528.jpg,20813616528
picture594,Urban_Rural/2090206236.jpg,2090206236
picture595,Urban_Rural/22233128039.jpg,22233128039
picture596,Urban_Rural/2266887190.jpg,2266887190
picture597,Urban_Rural/23085402461.jpg,23085402461
picture598,Urban_Rural/23219330009.jpg,23219330009
picture599,Urban_Rural/24476241034.jpg,24476241034
picture600,Urban_Rural/24479990783.jpg,24479990783
picture601,Urban_Rural/24651464870.jpg,24651464870
picture602,Urban_Rural/2528701257.jpg,2528701257
picture603,Urban_Rural/25685905521.jpg,25685905521
picture604,Urban_Rural/2635391613.jpg,2635391613
picture605,Urban_Rural/27804012380.jpg,27804012380
picture606,Urban_Rural/28580799241.jpg,28580799241
picture607,Urban_Rural/28801121922.jpg,28801121922
picture608,Urban_Rural/2983803003.jpg,2983803003
picture609,Urban_Rural/3212317541.jpg,3212317541
picture610,Urban_Rural/3223986258.jpg,3223986258
picture611,Urban_Rural/3237806650.jpg,3237806650
picture612,Urban_Rural/32521601195.jpg,32521601195
picture613,Urban_Rural/3253763514.jpg,3253763514
picture614,Urban_Rural/33424378354.jpg,33424378354
picture615,Urban_Rural/3365930896.jpg,3365930896
picture616,Urban_Rural/3781549700.jpg,3781549700
picture617,Urban_Rural/3789718920.jpg,3789718920
picture618,Urban_Rural/3983873267.jpg,3983873267
picture619,Urban_Rural/4262939988.jpg,4262939988
picture620,Urban_Rural/4487464067.jpg,4487464067
picture621,Urban_Rural/4488110822.jpg,4488110822
picture622,Urban_Rural/4634480533.jpg,4634480533
picture623,Urban_Rural/5037849777.jpg,5037849777
picture624,Urban_Rural/5184729435.jpg,5184729435
picture625,Urban_Rural/5267827799.jpg,5267827799
picture626,Urban_Rural/5417539067.jpg,5417539067
picture627,Urban_Rural/542519496.jpg,542519496
picture628,Urban_Rural/5462074295.jpg,5462074295
picture629,Urban_Rural/5484820073.jpg,5484820073
picture630,Urban_Rural/5563901376.jpg,5563901376
picture631,Urban_Rural/5666289972.jpg,5666289972
picture632,Urban_Rural/5849097109.jpg,5849097109
picture633,Urban_Rural/5954134288.jpg,5954134288
picture634,Urban_Rural/6084982231.jpg,6084982231
picture635,Urban_Rural/6201363071.jpg,6201363071
picture636,Urban_Rural/6243115801.jpg,6243115801
picture637,Urban_Rural/6296852519.jpg,6296852519
picture638,Urban_Rural/6351088028.jpg,6351088028
picture639,Urban_Rural/6736334513.jpg,6736334513
picture640,Urban_Rural/6773748963.jpg,6773748963
picture641,Urban_Rural/6792573980.jpg,6792573980
picture642,Urban_Rural/6826001420.jpg,6826001420
picture643,Urban_Rural/6829731880.jpg,6829731880
picture644,Urban_Rural/6877558552.jpg,6877558552
picture645,Urban_Rural/6893155194.jpg,6893155194
picture646,Urban_Rural/6964737262.jpg,6964737262
picture647,Urban_Rural/6970484181.jpg,6970484181
picture648,Urban_Rural/6991056841.jpg,6991056841
picture649,Urban_Rural/7065174273.jpg,7065174273
picture650,Urban_Rural/7101684937.jpg,7101684937
picture651,Urban_Rural/7208207084.jpg,7208207084
picture652,Urban_Rural/7461397422.jpg,7461397422
picture653,Urban_Rural/7526674992.jpg,7526674992
picture654,Urban_Rural/7933201696.jpg,7933201696
picture655,Urban_Rural/8116257051.jpg,8116257051
picture656,Urban_Rural/8358362493.jpg,8358362493
picture657,Urban_Rural/8449989605.jpg,8449989605
picture658,Urban_Rural/8631538356.jpg,8631538356
picture659,Urban_Rural/8723228313.jpg,8723228313
picture660,Urban_Rural/8868786113.jpg,8868786113
picture661,Urban_Rural/8869329532.jpg,8869329532
picture662,Urban_Rural/8976391991.jpg,8976391991
picture663,Urban_Rural/8995510084.jpg,8995510084
picture664,Urban_Rural/9112825471.jpg,9112825471
picture665,Urban_Rural/9271739281.jpg,9271739281
picture666,Urban_Rural/9271740527.jpg,9271740527
picture667,Urban_Rural/9841518585.jpg,9841518585
picture668,Urban_Rural/snev_NA_4340_53634358102__b.jpg,snev_NA_4340_53634358102__b
picture669,Urban_Rural/snev_NA_4340_53664568455__b.jpg,snev_NA_4340_53664568455__b
picture670,Urban_Rural/snev_NA_5374_52878276400__b.jpg,snev_NA_5374_52878276400__b
picture671,Urban_Rural/snev_NA_5375_53287039458__b.jpg,snev_NA_5375_53287039458__b
picture672,Urban_Rural/snev_NA_8801_53424836486__b.jpg,snev_NA_8801_53424836486__b
