id,id2,url
picture1,10060247786,https://raw.githubusercontent.com/kampax/Train_Data/refs/heads/main/b/10060247786.jpg
picture2,10175081236,https://raw.githubusercontent.com/kampax/Train_Data/refs/heads/main/b/10175081236.jpg
picture3,11162720455,https://raw.githubusercontent.com/kampax/Train_Data/refs/heads/main/b/11162720455.jpg
picture4,13807137553,https://raw.githubusercontent.com/kampax/Train_Data/refs/heads/main/b/13807137553.jpg
picture5,14752556530,https://raw.githubusercontent.com/kampax/Train_Data/refs/heads/main/b/14752556530.jpg
picture6,15481664139,https://raw.githubusercontent.com/kampax/Train_Data/refs/heads/main/b/15481664139.jpg
picture7,15580175993,https://raw.githubusercontent.com/kampax/Train_Data/refs/heads/main/b/15580175993.jpg
picture8,15736759139,https://raw.githubusercontent.com/kampax/Train_Data/refs/heads/main/b/15736759139.jpg
picture9,15889030197,https://raw.githubusercontent.com/kampax/Train_Data/refs/heads/main/b/15889030197.jpg
picture10,16049568624,https://raw.githubusercontent.com/kampax/Train_Data/refs/heads/main/b/16049568624.jpg
picture11,16304228615,https://raw.githubusercontent.com/kampax/Train_Data/refs/heads/main/b/16304228615.jpg
picture12,17014327368,https://raw.githubusercontent.com/kampax/Train_Data/refs/heads/main/b/17014327368.jpg
picture13,17315054645,https://raw.githubusercontent.com/kampax/Train_Data/refs/heads/main/b/17315054645.jpg
picture14,17488207338,https://raw.githubusercontent.com/kampax/Train_Data/refs/heads/main/b/17488207338.jpg
picture15,20020917376,https://raw.githubusercontent.com/kampax/Train_Data/refs/heads/main/b/20020917376.jpg
picture16,28389432890,https://raw.githubusercontent.com/kampax/Train_Data/refs/heads/main/b/28389432890.jpg
picture17,32038736582,https://raw.githubusercontent.com/kampax/Train_Data/refs/heads/main/b/32038736582.jpg
picture18,3562856138,https://raw.githubusercontent.com/kampax/Train_Data/refs/heads/main/b/3562856138.jpg
picture19,3702054860,https://raw.githubusercontent.com/kampax/Train_Data/refs/heads/main/b/3702054860.jpg
picture20,4983347894,https://raw.githubusercontent.com/kampax/Train_Data/refs/heads/main/b/4983347894.jpg
picture21,5523730580,https://raw.githubusercontent.com/kampax/Train_Data/refs/heads/main/b/5523730580.jpg
picture22,5531977363,https://raw.githubusercontent.com/kampax/Train_Data/refs/heads/main/b/5531977363.jpg
picture23,5553139712,https://raw.githubusercontent.com/kampax/Train_Data/refs/heads/main/b/5553139712.jpg
picture24,6117063949,https://raw.githubusercontent.com/kampax/Train_Data/refs/heads/main/b/6117063949.jpg
picture25,6190354422,https://raw.githubusercontent.com/kampax/Train_Data/refs/heads/main/b/6190354422.jpg
picture26,6249292736,https://raw.githubusercontent.com/kampax/Train_Data/refs/heads/main/b/6249292736.jpg
picture27,6425625799,https://raw.githubusercontent.com/kampax/Train_Data/refs/heads/main/b/6425625799.jpg
picture28,6892753441,https://raw.githubusercontent.com/kampax/Train_Data/refs/heads/main/b/6892753441.jpg
picture29,6926704583,https://raw.githubusercontent.com/kampax/Train_Data/refs/heads/main/b/6926704583.jpg
picture30,7396425774,https://raw.githubusercontent.com/kampax/Train_Data/refs/heads/main/b/7396425774.jpg
picture31,7576619256,https://raw.githubusercontent.com/kampax/Train_Data/refs/heads/main/b/7576619256.jpg
picture32,8150000385,https://raw.githubusercontent.com/kampax/Train_Data/refs/heads/main/b/8150000385.jpg
picture33,8190013891,https://raw.githubusercontent.com/kampax/Train_Data/refs/heads/main/b/8190013891.jpg
picture34,8264538893,https://raw.githubusercontent.com/kampax/Train_Data/refs/heads/main/b/8264538893.jpg
picture35,8961095358,https://raw.githubusercontent.com/kampax/Train_Data/refs/heads/main/b/8961095358.jpg
picture36,9465538915,https://raw.githubusercontent.com/kampax/Train_Data/refs/heads/main/b/9465538915.jpg
picture37,9655070465,https://raw.githubusercontent.com/kampax/Train_Data/refs/heads/main/b/9655070465.jpg
picture38,9805533056,https://raw.githubusercontent.com/kampax/Train_Data/refs/heads/main/b/9805533056.jpg
picture39,aiguestortes_NA_1042_40386765931__b,https://raw.githubusercontent.com/kampax/Train_Data/refs/heads/main/b/aiguestortes_NA_1042_40386765931__b.jpg
picture40,aiguestortes_NA_1261_36623632253__b,https://raw.githubusercontent.com/kampax/Train_Data/refs/heads/main/b/aiguestortes_NA_1261_36623632253__b.jpg
picture41,aiguestortes_NA_1261_37435999915__b,https://raw.githubusercontent.com/kampax/Train_Data/refs/heads/main/b/aiguestortes_NA_1261_37435999915__b.jpg
picture42,aiguestortes_NA_1265_19925418530__b,https://raw.githubusercontent.com/kampax/Train_Data/refs/heads/main/b/aiguestortes_NA_1265_19925418530__b.jpg
picture43,aiguestortes_NA_1269_21719857133__b,https://raw.githubusercontent.com/kampax/Train_Data/refs/heads/main/b/aiguestortes_NA_1269_21719857133__b.jpg
picture44,aiguestortes_NA_1334_50030496927__b,https://raw.githubusercontent.com/kampax/Train_Data/refs/heads/main/b/aiguestortes_NA_1334_50030496927__b.jpg
picture45,aiguestortes_NA_1545_16820597039__b,https://raw.githubusercontent.com/kampax/Train_Data/refs/heads/main/b/aiguestortes_NA_1545_16820597039__b.jpg
picture46,aiguestortes_NA_1634_42339047952__b,https://raw.githubusercontent.com/kampax/Train_Data/refs/heads/main/b/aiguestortes_NA_1634_42339047952__b.jpg
picture47,aiguestortes_NA_1646_27473050893__b,https://raw.githubusercontent.com/kampax/Train_Data/refs/heads/main/b/aiguestortes_NA_1646_27473050893__b.jpg
picture48,aiguestortes_NA_1646_27486399564__b,https://raw.githubusercontent.com/kampax/Train_Data/refs/heads/main/b/aiguestortes_NA_1646_27486399564__b.jpg
picture49,aiguestortes_NA_1646_27645183643__b,https://raw.githubusercontent.com/kampax/Train_Data/refs/heads/main/b/aiguestortes_NA_1646_27645183643__b.jpg
picture50,aiguestortes_NA_1646_29449158992__b,https://raw.githubusercontent.com/kampax/Train_Data/refs/heads/main/b/aiguestortes_NA_1646_29449158992__b.jpg
picture51,aiguestortes_NA_2807_29391085876__b,https://raw.githubusercontent.com/kampax/Train_Data/refs/heads/main/b/aiguestortes_NA_2807_29391085876__b.jpg
picture52,aiguestortes_NA_3014_29162688591__b,https://raw.githubusercontent.com/kampax/Train_Data/refs/heads/main/b/aiguestortes_NA_3014_29162688591__b.jpg
picture53,aiguestortes_NA_3322_22082257856__b,https://raw.githubusercontent.com/kampax/Train_Data/refs/heads/main/b/aiguestortes_NA_3322_22082257856__b.jpg
picture54,aiguestortes_NA_4103_34494535174__b,https://raw.githubusercontent.com/kampax/Train_Data/refs/heads/main/b/aiguestortes_NA_4103_34494535174__b.jpg
picture55,aiguestortes_NA_4316_48537875051__b,https://raw.githubusercontent.com/kampax/Train_Data/refs/heads/main/b/aiguestortes_NA_4316_48537875051__b.jpg
picture56,aiguestortes_NA_4316_49649005582__b,https://raw.githubusercontent.com/kampax/Train_Data/refs/heads/main/b/aiguestortes_NA_4316_49649005582__b.jpg
picture57,aiguestortes_NA_4458_39536197624__b,https://raw.githubusercontent.com/kampax/Train_Data/refs/heads/main/b/aiguestortes_NA_4458_39536197624__b.jpg
picture58,aiguestortes_NA_4530_22285459092__b,https://raw.githubusercontent.com/kampax/Train_Data/refs/heads/main/b/aiguestortes_NA_4530_22285459092__b.jpg
picture59,aiguestortes_NA_4530_31322036067__b,https://raw.githubusercontent.com/kampax/Train_Data/refs/heads/main/b/aiguestortes_NA_4530_31322036067__b.jpg
picture60,aiguestortes_NA_4531_16560622462__b,https://raw.githubusercontent.com/kampax/Train_Data/refs/heads/main/b/aiguestortes_NA_4531_16560622462__b.jpg
picture61,aiguestortes_NA_4531_24393122980__b,https://raw.githubusercontent.com/kampax/Train_Data/refs/heads/main/b/aiguestortes_NA_4531_24393122980__b.jpg
picture62,aiguestortes_NA_4531_50416980428__b,https://raw.githubusercontent.com/kampax/Train_Data/refs/heads/main/b/aiguestortes_NA_4531_50416980428__b.jpg
picture63,aiguestortes_NA_4531_50785605258__b,https://raw.githubusercontent.com/kampax/Train_Data/refs/heads/main/b/aiguestortes_NA_4531_50785605258__b.jpg
picture64,aiguestortes_NA_4779_51534400886__b,https://raw.githubusercontent.com/kampax/Train_Data/refs/heads/main/b/aiguestortes_NA_4779_51534400886__b.jpg
picture65,guadarrama_1_407382_1064123138412343298_image_DsSGVN5X4AAIXgx,https://raw.githubusercontent.com/kampax/Train_Data/refs/heads/main/b/guadarrama_1_407382_1064123138412343298_image_DsSGVN5X4AAIXgx.jpg
picture66,guadarrama_NA_1030_52617576852__b,https://raw.githubusercontent.com/kampax/Train_Data/refs/heads/main/b/guadarrama_NA_1030_52617576852__b.jpg
picture67,guadarrama_NA_1030_52680686822__b,https://raw.githubusercontent.com/kampax/Train_Data/refs/heads/main/b/guadarrama_NA_1030_52680686822__b.jpg
picture68,guadarrama_NA_1030_52681488624__b,https://raw.githubusercontent.com/kampax/Train_Data/refs/heads/main/b/guadarrama_NA_1030_52681488624__b.jpg
picture69,guadarrama_NA_1448_28556683567__b,https://raw.githubusercontent.com/kampax/Train_Data/refs/heads/main/b/guadarrama_NA_1448_28556683567__b.jpg
picture70,guadarrama_NA_1448_28561373537__b,https://raw.githubusercontent.com/kampax/Train_Data/refs/heads/main/b/guadarrama_NA_1448_28561373537__b.jpg
picture71,guadarrama_NA_1448_42693041345__b,https://raw.githubusercontent.com/kampax/Train_Data/refs/heads/main/b/guadarrama_NA_1448_42693041345__b.jpg
picture72,guadarrama_NA_1448_43597621031__b,https://raw.githubusercontent.com/kampax/Train_Data/refs/heads/main/b/guadarrama_NA_1448_43597621031__b.jpg
picture73,guadarrama_NA_1688_51989239357__b,https://raw.githubusercontent.com/kampax/Train_Data/refs/heads/main/b/guadarrama_NA_1688_51989239357__b.jpg
picture74,ordesa_1_289664_555318419189673984_image_B7TjKOxIIAALguT,https://raw.githubusercontent.com/kampax/Train_Data/refs/heads/main/b/ordesa_1_289664_555318419189673984_image_B7TjKOxIIAALguT.jpg
picture75,ordesa_2_188644_1535899098942930945_image_FVCcDBFWUAEPTP0,https://raw.githubusercontent.com/kampax/Train_Data/refs/heads/main/b/ordesa_2_188644_1535899098942930945_image_FVCcDBFWUAEPTP0.jpg
picture76,ordesa_2_188644_1535899098942930945_image_FVCcDByXoAMTP_3,https://raw.githubusercontent.com/kampax/Train_Data/refs/heads/main/b/ordesa_2_188644_1535899098942930945_image_FVCcDByXoAMTP_3.jpg
picture77,ordesa_2_226140_996877255510020096_image_DdWelCiXcAE1daQ,https://raw.githubusercontent.com/kampax/Train_Data/refs/heads/main/b/ordesa_2_226140_996877255510020096_image_DdWelCiXcAE1daQ.jpg
picture78,ordesa_2_409294_1415404286960308226_image_E6SGnKtXEAUXds9,https://raw.githubusercontent.com/kampax/Train_Data/refs/heads/main/b/ordesa_2_409294_1415404286960308226_image_E6SGnKtXEAUXds9.jpg
picture79,ordesa_2_409294_1415404286960308226_image_E6SGp2GWUAgyqyp,https://raw.githubusercontent.com/kampax/Train_Data/refs/heads/main/b/ordesa_2_409294_1415404286960308226_image_E6SGp2GWUAgyqyp.jpg
picture80,ordesa_3_135310_1421786600623718404_image_E7szVo_WUAAiQuJ,https://raw.githubusercontent.com/kampax/Train_Data/refs/heads/main/b/ordesa_3_135310_1421786600623718404_image_E7szVo_WUAAiQuJ.jpg
picture81,ordesa_3_135310_1566503155143155713_image_Fb1WTwiX0AE8qsI,https://raw.githubusercontent.com/kampax/Train_Data/refs/heads/main/b/ordesa_3_135310_1566503155143155713_image_Fb1WTwiX0AE8qsI.jpg
picture82,ordesa_3_94886_1371875081085988864_image_EwnhGwuXEAQba9d,https://raw.githubusercontent.com/kampax/Train_Data/refs/heads/main/b/ordesa_3_94886_1371875081085988864_image_EwnhGwuXEAQba9d.jpg
picture83,ordesa_5_246762_1551183692256657408_image_FYbpVy2XoAIaScr,https://raw.githubusercontent.com/kampax/Train_Data/refs/heads/main/b/ordesa_5_246762_1551183692256657408_image_FYbpVy2XoAIaScr.jpg
picture84,ordesa_5_299870_1270388180878008320_image_EaFTSjMWsAITw4S,https://raw.githubusercontent.com/kampax/Train_Data/refs/heads/main/b/ordesa_5_299870_1270388180878008320_image_EaFTSjMWsAITw4S.jpg
picture85,peneda_1_306967_1458527704253444097_image_FD27NTtWYAMtGNg,https://raw.githubusercontent.com/kampax/Train_Data/refs/heads/main/b/peneda_1_306967_1458527704253444097_image_FD27NTtWYAMtGNg.jpg
picture86,peneda_1_343086_1424057011285676032_image_E8NESlKXMAs15gj,https://raw.githubusercontent.com/kampax/Train_Data/refs/heads/main/b/peneda_1_343086_1424057011285676032_image_E8NESlKXMAs15gj.jpg
picture87,peneda_1_343086_1440052942623576078_image_E_wYgZfVIA8L3O7,https://raw.githubusercontent.com/kampax/Train_Data/refs/heads/main/b/peneda_1_343086_1440052942623576078_image_E_wYgZfVIA8L3O7.jpg
picture88,peneda_1_343086_1441676351254118404_image_FAHc_wqVgAEhMJ4,https://raw.githubusercontent.com/kampax/Train_Data/refs/heads/main/b/peneda_1_343086_1441676351254118404_image_FAHc_wqVgAEhMJ4.jpg
picture89,peneda_1_343086_1441681373064876039_image_FAHhjznXsAMH3s5,https://raw.githubusercontent.com/kampax/Train_Data/refs/heads/main/b/peneda_1_343086_1441681373064876039_image_FAHhjznXsAMH3s5.jpg
picture90,peneda_1_343086_709115054155833346_image_CddIXFfWEAILX4l,https://raw.githubusercontent.com/kampax/Train_Data/refs/heads/main/b/peneda_1_343086_709115054155833346_image_CddIXFfWEAILX4l.jpg
picture91,peneda_2_235009_883430465809645569_image_DEKTTfcXsAAXchl,https://raw.githubusercontent.com/kampax/Train_Data/refs/heads/main/b/peneda_2_235009_883430465809645569_image_DEKTTfcXsAAXchl.jpg
picture92,peneda_2_235009_883430465809645569_image_DEKTTfTXUAI3dS1,https://raw.githubusercontent.com/kampax/Train_Data/refs/heads/main/b/peneda_2_235009_883430465809645569_image_DEKTTfTXUAI3dS1.jpg
picture93,picos_1_326635_575679374260834304_image_B_05Vv9XAAAF2HT,https://raw.githubusercontent.com/kampax/Train_Data/refs/heads/main/b/picos_1_326635_575679374260834304_image_B_05Vv9XAAAF2HT.jpg
picture94,picos_1_326635_895245952453398529_image_DGyNcSuXcAEXO4p,https://raw.githubusercontent.com/kampax/Train_Data/refs/heads/main/b/picos_1_326635_895245952453398529_image_DGyNcSuXcAEXO4p.jpg
picture95,picos_1_329254_1150394647300251649_image_D_cDmv8WwAgOM-Q,https://raw.githubusercontent.com/kampax/Train_Data/refs/heads/main/b/picos_1_329254_1150394647300251649_image_D_cDmv8WwAgOM-Q.jpg
picture96,picos_1_329254_1150394647300251649_image_D_cFyUvWkAEs66A,https://raw.githubusercontent.com/kampax/Train_Data/refs/heads/main/b/picos_1_329254_1150394647300251649_image_D_cFyUvWkAEs66A.jpg
picture97,picos_1_368252_1297939601336807424_image_EgM1MCYX0AEB1G3,https://raw.githubusercontent.com/kampax/Train_Data/refs/heads/main/b/picos_1_368252_1297939601336807424_image_EgM1MCYX0AEB1G3.jpg
picture98,picos_1_424866_609715665696591872_image_CHYlGi7VAAAOdpM,https://raw.githubusercontent.com/kampax/Train_Data/refs/heads/main/b/picos_1_424866_609715665696591872_image_CHYlGi7VAAAOdpM.jpg
picture99,picos_1_490190_1154467449720455168_image_EAV99RCWwAAL7w8,https://raw.githubusercontent.com/kampax/Train_Data/refs/heads/main/b/picos_1_490190_1154467449720455168_image_EAV99RCWwAAL7w8.jpg
picture100,picos_1_513587_1290691012713680896_image_Eel0oBMXkAYYBt5,https://raw.githubusercontent.com/kampax/Train_Data/refs/heads/main/b/picos_1_513587_1290691012713680896_image_Eel0oBMXkAYYBt5.jpg
picture101,snev_NA_1408_53506114776__b,https://raw.githubusercontent.com/kampax/Train_Data/refs/heads/main/b/snev_NA_1408_53506114776__b.jpg
picture102,snev_NA_1506_53518698824__b,https://raw.githubusercontent.com/kampax/Train_Data/refs/heads/main/b/snev_NA_1506_53518698824__b.jpg
picture103,snev_NA_1603_53691783159__b,https://raw.githubusercontent.com/kampax/Train_Data/refs/heads/main/b/snev_NA_1603_53691783159__b.jpg
picture104,snev_NA_1783_53665282774__b,https://raw.githubusercontent.com/kampax/Train_Data/refs/heads/main/b/snev_NA_1783_53665282774__b.jpg
picture105,snev_NA_2100_52794729379__b,https://raw.githubusercontent.com/kampax/Train_Data/refs/heads/main/b/snev_NA_2100_52794729379__b.jpg
picture106,snev_NA_2100_52950437568__b,https://raw.githubusercontent.com/kampax/Train_Data/refs/heads/main/b/snev_NA_2100_52950437568__b.jpg
picture107,snev_NA_2100_52983089872__b,https://raw.githubusercontent.com/kampax/Train_Data/refs/heads/main/b/snev_NA_2100_52983089872__b.jpg
picture108,snev_NA_3360_53095805920__b,https://raw.githubusercontent.com/kampax/Train_Data/refs/heads/main/b/snev_NA_3360_53095805920__b.jpg
picture109,snev_NA_3361_52999458852__b,https://raw.githubusercontent.com/kampax/Train_Data/refs/heads/main/b/snev_NA_3361_52999458852__b.jpg
picture110,snev_NA_646_53623173958__b,https://raw.githubusercontent.com/kampax/Train_Data/refs/heads/main/b/snev_NA_646_53623173958__b.jpg
picture111,snev_NA_6898_52855823675__b,https://raw.githubusercontent.com/kampax/Train_Data/refs/heads/main/b/snev_NA_6898_52855823675__b.jpg
picture112,snev_NA_6898_52855880808__b,https://raw.githubusercontent.com/kampax/Train_Data/refs/heads/main/b/snev_NA_6898_52855880808__b.jpg
picture113,16748429757,https://raw.githubusercontent.com/kampax/Train_Data/refs/heads/main/c/16748429757.jpg
picture114,17590473384,https://raw.githubusercontent.com/kampax/Train_Data/refs/heads/main/c/17590473384.jpg
picture115,1843940935,https://raw.githubusercontent.com/kampax/Train_Data/refs/heads/main/c/1843940935.jpg
picture116,20498164588,https://raw.githubusercontent.com/kampax/Train_Data/refs/heads/main/c/20498164588.jpg
picture117,2134564411,https://raw.githubusercontent.com/kampax/Train_Data/refs/heads/main/c/2134564411.jpg
picture118,23173342474,https://raw.githubusercontent.com/kampax/Train_Data/refs/heads/main/c/23173342474.jpg
picture119,25444451341,https://raw.githubusercontent.com/kampax/Train_Data/refs/heads/main/c/25444451341.jpg
picture120,3999817857,https://raw.githubusercontent.com/kampax/Train_Data/refs/heads/main/c/3999817857.jpg
picture121,5143540019,https://raw.githubusercontent.com/kampax/Train_Data/refs/heads/main/c/5143540019.jpg
picture122,5547921397,https://raw.githubusercontent.com/kampax/Train_Data/refs/heads/main/c/5547921397.jpg
picture123,5918993653,https://raw.githubusercontent.com/kampax/Train_Data/refs/heads/main/c/5918993653.jpg
picture124,7598948890,https://raw.githubusercontent.com/kampax/Train_Data/refs/heads/main/c/7598948890.jpg
picture125,9706222005,https://raw.githubusercontent.com/kampax/Train_Data/refs/heads/main/c/9706222005.jpg
picture126,aiguestortes_NA_1553_49704457123__b,https://raw.githubusercontent.com/kampax/Train_Data/refs/heads/main/c/aiguestortes_NA_1553_49704457123__b.jpg
picture127,aiguestortes_NA_1553_49705308072__b,https://raw.githubusercontent.com/kampax/Train_Data/refs/heads/main/c/aiguestortes_NA_1553_49705308072__b.jpg
picture128,aiguestortes_NA_1619_28254834614__b,https://raw.githubusercontent.com/kampax/Train_Data/refs/heads/main/c/aiguestortes_NA_1619_28254834614__b.jpg
picture129,aiguestortes_NA_1619_28796105081__b,https://raw.githubusercontent.com/kampax/Train_Data/refs/heads/main/c/aiguestortes_NA_1619_28796105081__b.jpg
picture130,aiguestortes_NA_1619_28872141055__b,https://raw.githubusercontent.com/kampax/Train_Data/refs/heads/main/c/aiguestortes_NA_1619_28872141055__b.jpg
picture131,aiguestortes_NA_1619_28872141475__b,https://raw.githubusercontent.com/kampax/Train_Data/refs/heads/main/c/aiguestortes_NA_1619_28872141475__b.jpg
picture132,aiguestortes_NA_1619_32149396937__b,https://raw.githubusercontent.com/kampax/Train_Data/refs/heads/main/c/aiguestortes_NA_1619_32149396937__b.jpg
picture133,aiguestortes_NA_1619_33676772871__b,https://raw.githubusercontent.com/kampax/Train_Data/refs/heads/main/c/aiguestortes_NA_1619_33676772871__b.jpg
picture134,aiguestortes_NA_3414_20678138672__b,https://raw.githubusercontent.com/kampax/Train_Data/refs/heads/main/c/aiguestortes_NA_3414_20678138672__b.jpg
picture135,aiguestortes_NA_3934_51438262507__b,https://raw.githubusercontent.com/kampax/Train_Data/refs/heads/main/c/aiguestortes_NA_3934_51438262507__b.jpg
picture136,aiguestortes_NA_3934_51438262692__b,https://raw.githubusercontent.com/kampax/Train_Data/refs/heads/main/c/aiguestortes_NA_3934_51438262692__b.jpg
picture137,aiguestortes_NA_3934_51439014916__b,https://raw.githubusercontent.com/kampax/Train_Data/refs/heads/main/c/aiguestortes_NA_3934_51439014916__b.jpg
picture138,aiguestortes_NA_3934_51439017051__b,https://raw.githubusercontent.com/kampax/Train_Data/refs/heads/main/c/aiguestortes_NA_3934_51439017051__b.jpg
picture139,granada_NA_1036_16552056024__b,https://raw.githubusercontent.com/kampax/Train_Data/refs/heads/main/c/granada_NA_1036_16552056024__b.jpg
picture140,granada_NA_1460_48361689447__b,https://raw.githubusercontent.com/kampax/Train_Data/refs/heads/main/c/granada_NA_1460_48361689447__b.jpg
picture141,granada_NA_1460_49101463488__b,https://raw.githubusercontent.com/kampax/Train_Data/refs/heads/main/c/granada_NA_1460_49101463488__b.jpg
picture142,granada_NA_1513_30940686051__b,https://raw.githubusercontent.com/kampax/Train_Data/refs/heads/main/c/granada_NA_1513_30940686051__b.jpg
picture143,granada_NA_1513_30941180401__b,https://raw.githubusercontent.com/kampax/Train_Data/refs/heads/main/c/granada_NA_1513_30941180401__b.jpg
picture144,granada_NA_1514_16038631257__b,https://raw.githubusercontent.com/kampax/Train_Data/refs/heads/main/c/granada_NA_1514_16038631257__b.jpg
picture145,granada_NA_1515_26332274000__b,https://raw.githubusercontent.com/kampax/Train_Data/refs/heads/main/c/granada_NA_1515_26332274000__b.jpg
picture146,granada_NA_1515_26496426172__b,https://raw.githubusercontent.com/kampax/Train_Data/refs/heads/main/c/granada_NA_1515_26496426172__b.jpg
picture147,granada_NA_1515_29492555041__b,https://raw.githubusercontent.com/kampax/Train_Data/refs/heads/main/c/granada_NA_1515_29492555041__b.jpg
picture148,granada_NA_1515_31856323667__b,https://raw.githubusercontent.com/kampax/Train_Data/refs/heads/main/c/granada_NA_1515_31856323667__b.jpg
picture149,granada_NA_1515_33769239460__b,https://raw.githubusercontent.com/kampax/Train_Data/refs/heads/main/c/granada_NA_1515_33769239460__b.jpg
picture150,granada_NA_1516_24030347533__b,https://raw.githubusercontent.com/kampax/Train_Data/refs/heads/main/c/granada_NA_1516_24030347533__b.jpg
picture151,granada_NA_1516_24030347833__b,https://raw.githubusercontent.com/kampax/Train_Data/refs/heads/main/c/granada_NA_1516_24030347833__b.jpg
picture152,granada_NA_1516_24289427919__b,https://raw.githubusercontent.com/kampax/Train_Data/refs/heads/main/c/granada_NA_1516_24289427919__b.jpg
picture153,granada_NA_1516_24361611900__b,https://raw.githubusercontent.com/kampax/Train_Data/refs/heads/main/c/granada_NA_1516_24361611900__b.jpg
picture154,granada_NA_1567_48044792733__b,https://raw.githubusercontent.com/kampax/Train_Data/refs/heads/main/c/granada_NA_1567_48044792733__b.jpg
picture155,granada_NA_1567_48044793863__b,https://raw.githubusercontent.com/kampax/Train_Data/refs/heads/main/c/granada_NA_1567_48044793863__b.jpg
picture156,granada_NA_1568_19218019881__b,https://raw.githubusercontent.com/kampax/Train_Data/refs/heads/main/c/granada_NA_1568_19218019881__b.jpg
picture157,granada_NA_1569_16495160525__b,https://raw.githubusercontent.com/kampax/Train_Data/refs/heads/main/c/granada_NA_1569_16495160525__b.jpg
picture158,granada_NA_1569_18238955241__b,https://raw.githubusercontent.com/kampax/Train_Data/refs/heads/main/c/granada_NA_1569_18238955241__b.jpg
picture159,granada_NA_1569_26998964242__b,https://raw.githubusercontent.com/kampax/Train_Data/refs/heads/main/c/granada_NA_1569_26998964242__b.jpg
picture160,granada_NA_1569_27288491291__b,https://raw.githubusercontent.com/kampax/Train_Data/refs/heads/main/c/granada_NA_1569_27288491291__b.jpg
picture161,granada_NA_1569_27289540621__b,https://raw.githubusercontent.com/kampax/Train_Data/refs/heads/main/c/granada_NA_1569_27289540621__b.jpg
picture162,granada_NA_1569_27326672876__b,https://raw.githubusercontent.com/kampax/Train_Data/refs/heads/main/c/granada_NA_1569_27326672876__b.jpg
picture163,granada_NA_1569_28251973500__b,https://raw.githubusercontent.com/kampax/Train_Data/refs/heads/main/c/granada_NA_1569_28251973500__b.jpg
picture164,granada_NA_1569_28503898666__b,https://raw.githubusercontent.com/kampax/Train_Data/refs/heads/main/c/granada_NA_1569_28503898666__b.jpg
picture165,granada_NA_1569_31073361172__b,https://raw.githubusercontent.com/kampax/Train_Data/refs/heads/main/c/granada_NA_1569_31073361172__b.jpg
picture166,granada_NA_1569_36701251353__b,https://raw.githubusercontent.com/kampax/Train_Data/refs/heads/main/c/granada_NA_1569_36701251353__b.jpg
picture167,granada_NA_1569_36708244584__b,https://raw.githubusercontent.com/kampax/Train_Data/refs/heads/main/c/granada_NA_1569_36708244584__b.jpg
picture168,granada_NA_1569_36708247034__b,https://raw.githubusercontent.com/kampax/Train_Data/refs/heads/main/c/granada_NA_1569_36708247034__b.jpg
picture169,granada_NA_1569_37153437220__b,https://raw.githubusercontent.com/kampax/Train_Data/refs/heads/main/c/granada_NA_1569_37153437220__b.jpg
picture170,granada_NA_1569_37160465650__b,https://raw.githubusercontent.com/kampax/Train_Data/refs/heads/main/c/granada_NA_1569_37160465650__b.jpg
picture171,granada_NA_1569_37341035666__b,https://raw.githubusercontent.com/kampax/Train_Data/refs/heads/main/c/granada_NA_1569_37341035666__b.jpg
picture172,granada_NA_1569_37999443504__b,https://raw.githubusercontent.com/kampax/Train_Data/refs/heads/main/c/granada_NA_1569_37999443504__b.jpg
picture173,granada_NA_1569_40457880732__b,https://raw.githubusercontent.com/kampax/Train_Data/refs/heads/main/c/granada_NA_1569_40457880732__b.jpg
picture174,granada_NA_1569_46120381524__b,https://raw.githubusercontent.com/kampax/Train_Data/refs/heads/main/c/granada_NA_1569_46120381524__b.jpg
picture175,granada_NA_1569_48605772306__b,https://raw.githubusercontent.com/kampax/Train_Data/refs/heads/main/c/granada_NA_1569_48605772306__b.jpg
picture176,granada_NA_1569_48611635383__b,https://raw.githubusercontent.com/kampax/Train_Data/refs/heads/main/c/granada_NA_1569_48611635383__b.jpg
picture177,guadarrama_1_318396_1457001597314256902_image_FDhPOh4XMAMVtSn,https://raw.githubusercontent.com/kampax/Train_Data/refs/heads/main/c/guadarrama_1_318396_1457001597314256902_image_FDhPOh4XMAMVtSn.jpg
picture178,guadarrama_NA_1597_17695304194__b,https://raw.githubusercontent.com/kampax/Train_Data/refs/heads/main/c/guadarrama_NA_1597_17695304194__b.jpg
picture179,guadarrama_NA_1935_15947164214__b,https://raw.githubusercontent.com/kampax/Train_Data/refs/heads/main/c/guadarrama_NA_1935_15947164214__b.jpg
picture180,guadarrama_NA_1935_16481511903__b,https://raw.githubusercontent.com/kampax/Train_Data/refs/heads/main/c/guadarrama_NA_1935_16481511903__b.jpg
picture181,guadarrama_NA_1935_17101667665__b,https://raw.githubusercontent.com/kampax/Train_Data/refs/heads/main/c/guadarrama_NA_1935_17101667665__b.jpg
picture182,guadarrama_NA_1935_17521870249__b,https://raw.githubusercontent.com/kampax/Train_Data/refs/heads/main/c/guadarrama_NA_1935_17521870249__b.jpg
picture183,guadarrama_NA_1935_17705629892__b,https://raw.githubusercontent.com/kampax/Train_Data/refs/heads/main/c/guadarrama_NA_1935_17705629892__b.jpg
picture184,guadarrama_NA_1935_17708146555__b,https://raw.githubusercontent.com/kampax/Train_Data/refs/heads/main/c/guadarrama_NA_1935_17708146555__b.jpg
picture185,guadarrama_NA_1935_51979629036__b,https://raw.githubusercontent.com/kampax/Train_Data/refs/heads/main/c/guadarrama_NA_1935_51979629036__b.jpg
picture186,guadarrama_NA_2057_17130644837__b,https://raw.githubusercontent.com/kampax/Train_Data/refs/heads/main/c/guadarrama_NA_2057_17130644837__b.jpg
picture187,guadarrama_NA_2057_26039046803__b,https://raw.githubusercontent.com/kampax/Train_Data/refs/heads/main/c/guadarrama_NA_2057_26039046803__b.jpg
picture188,ordesa_2_188644_1007727526163120129_image_Dfwq1XrXUAE5sob,https://raw.githubusercontent.com/kampax/Train_Data/refs/heads/main/c/ordesa_2_188644_1007727526163120129_image_Dfwq1XrXUAE5sob.jpg
picture189,ordesa_2_188644_676046638490718208_image_CWHMlmzWIAU9hfs,https://raw.githubusercontent.com/kampax/Train_Data/refs/heads/main/c/ordesa_2_188644_676046638490718208_image_CWHMlmzWIAU9hfs.jpg
picture190,ordesa_5_202352_1310234674766241792_image_Ei7jfCWXsAAsyEj,https://raw.githubusercontent.com/kampax/Train_Data/refs/heads/main/c/ordesa_5_202352_1310234674766241792_image_Ei7jfCWXsAAsyEj.jpg
picture191,peneda_1_305170_1476178885918212102_image_FHxw2kVXwAgkXae,https://raw.githubusercontent.com/kampax/Train_Data/refs/heads/main/c/peneda_1_305170_1476178885918212102_image_FHxw2kVXwAgkXae.jpg
picture192,peneda_1_306967_1344389280903409666_image_Eqg6yeeW8AEw9ft,https://raw.githubusercontent.com/kampax/Train_Data/refs/heads/main/c/peneda_1_306967_1344389280903409666_image_Eqg6yeeW8AEw9ft.jpg
picture193,peneda_1_306967_1543561855800582148_image_FWvVU72WQAAG5Tz,https://raw.githubusercontent.com/kampax/Train_Data/refs/heads/main/c/peneda_1_306967_1543561855800582148_image_FWvVU72WQAAG5Tz.jpg
picture194,peneda_1_343086_1315026742873030656_image_Ej_p0eaXkAIVjX_,https://raw.githubusercontent.com/kampax/Train_Data/refs/heads/main/c/peneda_1_343086_1315026742873030656_image_Ej_p0eaXkAIVjX_.jpg
picture195,peneda_1_343086_1439578992995147778_image_E_ppdQmWEAMCbjk,https://raw.githubusercontent.com/kampax/Train_Data/refs/heads/main/c/peneda_1_343086_1439578992995147778_image_E_ppdQmWEAMCbjk.jpg
picture196,peneda_1_343086_1439580545516773386_image_E_pq3z6WUAIOa76,https://raw.githubusercontent.com/kampax/Train_Data/refs/heads/main/c/peneda_1_343086_1439580545516773386_image_E_pq3z6WUAIOa76.jpg
picture197,peneda_1_343086_1439582331929497606_image_E_psftaXsAYC5JT,https://raw.githubusercontent.com/kampax/Train_Data/refs/heads/main/c/peneda_1_343086_1439582331929497606_image_E_psftaXsAYC5JT.jpg
picture198,peneda_1_343086_1441736446168031233_image_FAITpjAXoAAl_4c,https://raw.githubusercontent.com/kampax/Train_Data/refs/heads/main/c/peneda_1_343086_1441736446168031233_image_FAITpjAXoAAl_4c.jpg
picture199,peneda_1_343086_1444644346939256837_image_FAxoXuEXIAECkcf,https://raw.githubusercontent.com/kampax/Train_Data/refs/heads/main/c/peneda_1_343086_1444644346939256837_image_FAxoXuEXIAECkcf.jpg
picture200,peneda_1_343086_1530510561112477697_image_FT13PDtXwAAVi9a,https://raw.githubusercontent.com/kampax/Train_Data/refs/heads/main/c/peneda_1_343086_1530510561112477697_image_FT13PDtXwAAVi9a.jpg
picture201,peneda_1_343086_768824470450606081_image_CqtprJlWIAENDDt,https://raw.githubusercontent.com/kampax/Train_Data/refs/heads/main/c/peneda_1_343086_768824470450606081_image_CqtprJlWIAENDDt.jpg
picture202,peneda_1_373660_1566067862401417216_image_FbvKaQsXwAE-Wtx,https://raw.githubusercontent.com/kampax/Train_Data/refs/heads/main/c/peneda_1_373660_1566067862401417216_image_FbvKaQsXwAE-Wtx.jpg
picture203,peneda_1_393104_1562442460777054209_image_Fa7pIXFVsAA7MR0,https://raw.githubusercontent.com/kampax/Train_Data/refs/heads/main/c/peneda_1_393104_1562442460777054209_image_Fa7pIXFVsAA7MR0.jpg
picture204,peneda_1_539861_1598770798566821888_image_Fi_5jt3WQAA40Tc,https://raw.githubusercontent.com/kampax/Train_Data/refs/heads/main/c/peneda_1_539861_1598770798566821888_image_Fi_5jt3WQAA40Tc.jpg
picture205,peneda_1_539861_1598770798566821888_image_Fi_5kWwXEA490iq,https://raw.githubusercontent.com/kampax/Train_Data/refs/heads/main/c/peneda_1_539861_1598770798566821888_image_Fi_5kWwXEA490iq.jpg
picture206,peneda_2_183870_1547563742426062849_image_FXoM-AbVQAA6hEH,https://raw.githubusercontent.com/kampax/Train_Data/refs/heads/main/c/peneda_2_183870_1547563742426062849_image_FXoM-AbVQAA6hEH.jpg
picture207,peneda_2_183870_1547563742426062849_image_FXoM_ShUsAIXZ_A,https://raw.githubusercontent.com/kampax/Train_Data/refs/heads/main/c/peneda_2_183870_1547563742426062849_image_FXoM_ShUsAIXZ_A.jpg
picture208,peneda_2_183870_1547563742426062849_image_FXoNAXHUEAQp-Xh,https://raw.githubusercontent.com/kampax/Train_Data/refs/heads/main/c/peneda_2_183870_1547563742426062849_image_FXoNAXHUEAQp-Xh.jpg
picture209,peneda_2_189266_1548418140618444800_image_FX0WFOnUIAcwPHc,https://raw.githubusercontent.com/kampax/Train_Data/refs/heads/main/c/peneda_2_189266_1548418140618444800_image_FX0WFOnUIAcwPHc.jpg
picture210,peneda_2_235009_1097144414215069697_image_DznW_bfXcAEg1vz,https://raw.githubusercontent.com/kampax/Train_Data/refs/heads/main/c/peneda_2_235009_1097144414215069697_image_DznW_bfXcAEg1vz.jpg
picture211,peneda_2_235009_1230792454150008841_image_ERSnNTtWsAA2ebT,https://raw.githubusercontent.com/kampax/Train_Data/refs/heads/main/c/peneda_2_235009_1230792454150008841_image_ERSnNTtWsAA2ebT.jpg
picture212,peneda_2_235009_827857511797624832_image_C30kAPWWAAAODQs,https://raw.githubusercontent.com/kampax/Train_Data/refs/heads/main/c/peneda_2_235009_827857511797624832_image_C30kAPWWAAAODQs.jpg
picture213,picos_1_330090_1008446598630789120_image_Df641kiXUAAd0Tn,https://raw.githubusercontent.com/kampax/Train_Data/refs/heads/main/c/picos_1_330090_1008446598630789120_image_Df641kiXUAAd0Tn.jpg
picture214,picos_1_448402_1290371010433363970_image_EehRkuOXsAAYkjo,https://raw.githubusercontent.com/kampax/Train_Data/refs/heads/main/c/picos_1_448402_1290371010433363970_image_EehRkuOXsAAYkjo.jpg
picture215,picos_1_448402_1290371010433363970_image_EehRkuPXoAAqLoH,https://raw.githubusercontent.com/kampax/Train_Data/refs/heads/main/c/picos_1_448402_1290371010433363970_image_EehRkuPXoAAqLoH.jpg
picture216,picos_1_489325_1278461406946430976_image_Eb4B3bDWoAAyME_,https://raw.githubusercontent.com/kampax/Train_Data/refs/heads/main/c/picos_1_489325_1278461406946430976_image_Eb4B3bDWoAAyME_.jpg
picture217,picos_1_489325_1278461406946430976_image_Eb4B3bQWkAAd1H8,https://raw.githubusercontent.com/kampax/Train_Data/refs/heads/main/c/picos_1_489325_1278461406946430976_image_Eb4B3bQWkAAd1H8.jpg
picture218,snev_NA_1410_52923518921__b,https://raw.githubusercontent.com/kampax/Train_Data/refs/heads/main/c/snev_NA_1410_52923518921__b.jpg
picture219,snev_NA_1410_53325043063__b,https://raw.githubusercontent.com/kampax/Train_Data/refs/heads/main/c/snev_NA_1410_53325043063__b.jpg
picture220,snev_NA_1508_52677789415__b,https://raw.githubusercontent.com/kampax/Train_Data/refs/heads/main/c/snev_NA_1508_52677789415__b.jpg
picture221,snev_NA_1508_53305949084__b,https://raw.githubusercontent.com/kampax/Train_Data/refs/heads/main/c/snev_NA_1508_53305949084__b.jpg
picture222,snev_NA_1508_53540520451__b,https://raw.githubusercontent.com/kampax/Train_Data/refs/heads/main/c/snev_NA_1508_53540520451__b.jpg
picture223,snev_NA_1508_53540943815__b,https://raw.githubusercontent.com/kampax/Train_Data/refs/heads/main/c/snev_NA_1508_53540943815__b.jpg
picture224,snev_NA_1508_53540943840__b,https://raw.githubusercontent.com/kampax/Train_Data/refs/heads/main/c/snev_NA_1508_53540943840__b.jpg
picture225,10460621504,https://raw.githubusercontent.com/kampax/Train_Data/refs/heads/main/f/10460621504.jpg
picture226,10520496056,https://raw.githubusercontent.com/kampax/Train_Data/refs/heads/main/f/10520496056.jpg
picture227,10809414443,https://raw.githubusercontent.com/kampax/Train_Data/refs/heads/main/f/10809414443.jpg
picture228,10940773136,https://raw.githubusercontent.com/kampax/Train_Data/refs/heads/main/f/10940773136.jpg
picture229,11671814735,https://raw.githubusercontent.com/kampax/Train_Data/refs/heads/main/f/11671814735.jpg
picture230,12086035304,https://raw.githubusercontent.com/kampax/Train_Data/refs/heads/main/f/12086035304.jpg
picture231,12349056745,https://raw.githubusercontent.com/kampax/Train_Data/refs/heads/main/f/12349056745.jpg
picture232,12383415163,https://raw.githubusercontent.com/kampax/Train_Data/refs/heads/main/f/12383415163.jpg
picture233,13664649045,https://raw.githubusercontent.com/kampax/Train_Data/refs/heads/main/f/13664649045.jpg
picture234,13743182995,https://raw.githubusercontent.com/kampax/Train_Data/refs/heads/main/f/13743182995.jpg
picture235,13992749717,https://raw.githubusercontent.com/kampax/Train_Data/refs/heads/main/f/13992749717.jpg
picture236,14096993620,https://raw.githubusercontent.com/kampax/Train_Data/refs/heads/main/f/14096993620.jpg
picture237,14742565259,https://raw.githubusercontent.com/kampax/Train_Data/refs/heads/main/f/14742565259.jpg
picture238,15092844284,https://raw.githubusercontent.com/kampax/Train_Data/refs/heads/main/f/15092844284.jpg
picture239,15203261111,https://raw.githubusercontent.com/kampax/Train_Data/refs/heads/main/f/15203261111.jpg
picture240,15455154893,https://raw.githubusercontent.com/kampax/Train_Data/refs/heads/main/f/15455154893.jpg
picture241,15475577520,https://raw.githubusercontent.com/kampax/Train_Data/refs/heads/main/f/15475577520.jpg
picture242,15552858488,https://raw.githubusercontent.com/kampax/Train_Data/refs/heads/main/f/15552858488.jpg
picture243,15576564732,https://raw.githubusercontent.com/kampax/Train_Data/refs/heads/main/f/15576564732.jpg
picture244,15644678256,https://raw.githubusercontent.com/kampax/Train_Data/refs/heads/main/f/15644678256.jpg
picture245,16484509484,https://raw.githubusercontent.com/kampax/Train_Data/refs/heads/main/f/16484509484.jpg
picture246,16981118958,https://raw.githubusercontent.com/kampax/Train_Data/refs/heads/main/f/16981118958.jpg
picture247,16994636907,https://raw.githubusercontent.com/kampax/Train_Data/refs/heads/main/f/16994636907.jpg
picture248,17719592369,https://raw.githubusercontent.com/kampax/Train_Data/refs/heads/main/f/17719592369.jpg
picture249,18078709725,https://raw.githubusercontent.com/kampax/Train_Data/refs/heads/main/f/18078709725.jpg
picture250,18102875606,https://raw.githubusercontent.com/kampax/Train_Data/refs/heads/main/f/18102875606.jpg
picture251,18892464530,https://raw.githubusercontent.com/kampax/Train_Data/refs/heads/main/f/18892464530.jpg
picture252,1931164006,https://raw.githubusercontent.com/kampax/Train_Data/refs/heads/main/f/1931164006.jpg
picture253,19574857001,https://raw.githubusercontent.com/kampax/Train_Data/refs/heads/main/f/19574857001.jpg
picture254,2056170462,https://raw.githubusercontent.com/kampax/Train_Data/refs/heads/main/f/2056170462.jpg
picture255,20733389551,https://raw.githubusercontent.com/kampax/Train_Data/refs/heads/main/f/20733389551.jpg
picture256,20737258876,https://raw.githubusercontent.com/kampax/Train_Data/refs/heads/main/f/20737258876.jpg
picture257,20813616528,https://raw.githubusercontent.com/kampax/Train_Data/refs/heads/main/f/20813616528.jpg
picture258,2090206236,https://raw.githubusercontent.com/kampax/Train_Data/refs/heads/main/f/2090206236.jpg
picture259,22233128039,https://raw.githubusercontent.com/kampax/Train_Data/refs/heads/main/f/22233128039.jpg
picture260,2266887190,https://raw.githubusercontent.com/kampax/Train_Data/refs/heads/main/f/2266887190.jpg
picture261,23085402461,https://raw.githubusercontent.com/kampax/Train_Data/refs/heads/main/f/23085402461.jpg
picture262,23219330009,https://raw.githubusercontent.com/kampax/Train_Data/refs/heads/main/f/23219330009.jpg
picture263,24476241034,https://raw.githubusercontent.com/kampax/Train_Data/refs/heads/main/f/24476241034.jpg
picture264,24479990783,https://raw.githubusercontent.com/kampax/Train_Data/refs/heads/main/f/24479990783.jpg
picture265,24651464870,https://raw.githubusercontent.com/kampax/Train_Data/refs/heads/main/f/24651464870.jpg
picture266,2528701257,https://raw.githubusercontent.com/kampax/Train_Data/refs/heads/main/f/2528701257.jpg
picture267,25685905521,https://raw.githubusercontent.com/kampax/Train_Data/refs/heads/main/f/25685905521.jpg
picture268,2635391613,https://raw.githubusercontent.com/kampax/Train_Data/refs/heads/main/f/2635391613.jpg
picture269,27804012380,https://raw.githubusercontent.com/kampax/Train_Data/refs/heads/main/f/27804012380.jpg
picture270,28580799241,https://raw.githubusercontent.com/kampax/Train_Data/refs/heads/main/f/28580799241.jpg
picture271,28801121922,https://raw.githubusercontent.com/kampax/Train_Data/refs/heads/main/f/28801121922.jpg
picture272,2983803003,https://raw.githubusercontent.com/kampax/Train_Data/refs/heads/main/f/2983803003.jpg
picture273,3212317541,https://raw.githubusercontent.com/kampax/Train_Data/refs/heads/main/f/3212317541.jpg
picture274,3223986258,https://raw.githubusercontent.com/kampax/Train_Data/refs/heads/main/f/3223986258.jpg
picture275,3237806650,https://raw.githubusercontent.com/kampax/Train_Data/refs/heads/main/f/3237806650.jpg
picture276,32521601195,https://raw.githubusercontent.com/kampax/Train_Data/refs/heads/main/f/32521601195.jpg
picture277,3253763514,https://raw.githubusercontent.com/kampax/Train_Data/refs/heads/main/f/3253763514.jpg
picture278,33424378354,https://raw.githubusercontent.com/kampax/Train_Data/refs/heads/main/f/33424378354.jpg
picture279,3365930896,https://raw.githubusercontent.com/kampax/Train_Data/refs/heads/main/f/3365930896.jpg
picture280,3781549700,https://raw.githubusercontent.com/kampax/Train_Data/refs/heads/main/f/3781549700.jpg
picture281,3789718920,https://raw.githubusercontent.com/kampax/Train_Data/refs/heads/main/f/3789718920.jpg
picture282,3983873267,https://raw.githubusercontent.com/kampax/Train_Data/refs/heads/main/f/3983873267.jpg
picture283,4262939988,https://raw.githubusercontent.com/kampax/Train_Data/refs/heads/main/f/4262939988.jpg
picture284,4487464067,https://raw.githubusercontent.com/kampax/Train_Data/refs/heads/main/f/4487464067.jpg
picture285,4488110822,https://raw.githubusercontent.com/kampax/Train_Data/refs/heads/main/f/4488110822.jpg
picture286,4634480533,https://raw.githubusercontent.com/kampax/Train_Data/refs/heads/main/f/4634480533.jpg
picture287,5037849777,https://raw.githubusercontent.com/kampax/Train_Data/refs/heads/main/f/5037849777.jpg
picture288,5184729435,https://raw.githubusercontent.com/kampax/Train_Data/refs/heads/main/f/5184729435.jpg
picture289,5267827799,https://raw.githubusercontent.com/kampax/Train_Data/refs/heads/main/f/5267827799.jpg
picture290,5417539067,https://raw.githubusercontent.com/kampax/Train_Data/refs/heads/main/f/5417539067.jpg
picture291,542519496,https://raw.githubusercontent.com/kampax/Train_Data/refs/heads/main/f/542519496.jpg
picture292,5462074295,https://raw.githubusercontent.com/kampax/Train_Data/refs/heads/main/f/5462074295.jpg
picture293,5484820073,https://raw.githubusercontent.com/kampax/Train_Data/refs/heads/main/f/5484820073.jpg
picture294,5563901376,https://raw.githubusercontent.com/kampax/Train_Data/refs/heads/main/f/5563901376.jpg
picture295,5666289972,https://raw.githubusercontent.com/kampax/Train_Data/refs/heads/main/f/5666289972.jpg
picture296,5849097109,https://raw.githubusercontent.com/kampax/Train_Data/refs/heads/main/f/5849097109.jpg
picture297,5954134288,https://raw.githubusercontent.com/kampax/Train_Data/refs/heads/main/f/5954134288.jpg
picture298,6084982231,https://raw.githubusercontent.com/kampax/Train_Data/refs/heads/main/f/6084982231.jpg
picture299,6201363071,https://raw.githubusercontent.com/kampax/Train_Data/refs/heads/main/f/6201363071.jpg
picture300,6243115801,https://raw.githubusercontent.com/kampax/Train_Data/refs/heads/main/f/6243115801.jpg
picture301,6296852519,https://raw.githubusercontent.com/kampax/Train_Data/refs/heads/main/f/6296852519.jpg
picture302,6351088028,https://raw.githubusercontent.com/kampax/Train_Data/refs/heads/main/f/6351088028.jpg
picture303,6736334513,https://raw.githubusercontent.com/kampax/Train_Data/refs/heads/main/f/6736334513.jpg
picture304,6773748963,https://raw.githubusercontent.com/kampax/Train_Data/refs/heads/main/f/6773748963.jpg
picture305,6792573980,https://raw.githubusercontent.com/kampax/Train_Data/refs/heads/main/f/6792573980.jpg
picture306,6826001420,https://raw.githubusercontent.com/kampax/Train_Data/refs/heads/main/f/6826001420.jpg
picture307,6829731880,https://raw.githubusercontent.com/kampax/Train_Data/refs/heads/main/f/6829731880.jpg
picture308,6877558552,https://raw.githubusercontent.com/kampax/Train_Data/refs/heads/main/f/6877558552.jpg
picture309,6893155194,https://raw.githubusercontent.com/kampax/Train_Data/refs/heads/main/f/6893155194.jpg
picture310,6964737262,https://raw.githubusercontent.com/kampax/Train_Data/refs/heads/main/f/6964737262.jpg
picture311,6970484181,https://raw.githubusercontent.com/kampax/Train_Data/refs/heads/main/f/6970484181.jpg
picture312,6991056841,https://raw.githubusercontent.com/kampax/Train_Data/refs/heads/main/f/6991056841.jpg
picture313,7065174273,https://raw.githubusercontent.com/kampax/Train_Data/refs/heads/main/f/7065174273.jpg
picture314,7101684937,https://raw.githubusercontent.com/kampax/Train_Data/refs/heads/main/f/7101684937.jpg
picture315,7208207084,https://raw.githubusercontent.com/kampax/Train_Data/refs/heads/main/f/7208207084.jpg
picture316,7461397422,https://raw.githubusercontent.com/kampax/Train_Data/refs/heads/main/f/7461397422.jpg
picture317,7526674992,https://raw.githubusercontent.com/kampax/Train_Data/refs/heads/main/f/7526674992.jpg
picture318,7933201696,https://raw.githubusercontent.com/kampax/Train_Data/refs/heads/main/f/7933201696.jpg
picture319,8116257051,https://raw.githubusercontent.com/kampax/Train_Data/refs/heads/main/f/8116257051.jpg
picture320,8358362493,https://raw.githubusercontent.com/kampax/Train_Data/refs/heads/main/f/8358362493.jpg
picture321,8449989605,https://raw.githubusercontent.com/kampax/Train_Data/refs/heads/main/f/8449989605.jpg
picture322,8631538356,https://raw.githubusercontent.com/kampax/Train_Data/refs/heads/main/f/8631538356.jpg
picture323,8723228313,https://raw.githubusercontent.com/kampax/Train_Data/refs/heads/main/f/8723228313.jpg
picture324,8868786113,https://raw.githubusercontent.com/kampax/Train_Data/refs/heads/main/f/8868786113.jpg
picture325,8869329532,https://raw.githubusercontent.com/kampax/Train_Data/refs/heads/main/f/8869329532.jpg
picture326,8976391991,https://raw.githubusercontent.com/kampax/Train_Data/refs/heads/main/f/8976391991.jpg
picture327,8995510084,https://raw.githubusercontent.com/kampax/Train_Data/refs/heads/main/f/8995510084.jpg
picture328,9112825471,https://raw.githubusercontent.com/kampax/Train_Data/refs/heads/main/f/9112825471.jpg
picture329,9271739281,https://raw.githubusercontent.com/kampax/Train_Data/refs/heads/main/f/9271739281.jpg
picture330,9271740527,https://raw.githubusercontent.com/kampax/Train_Data/refs/heads/main/f/9271740527.jpg
picture331,9841518585,https://raw.githubusercontent.com/kampax/Train_Data/refs/heads/main/f/9841518585.jpg
picture332,snev_NA_4340_53634358102__b,https://raw.githubusercontent.com/kampax/Train_Data/refs/heads/main/f/snev_NA_4340_53634358102__b.jpg
picture333,snev_NA_4340_53664568455__b,https://raw.githubusercontent.com/kampax/Train_Data/refs/heads/main/f/snev_NA_4340_53664568455__b.jpg
picture334,snev_NA_5374_52878276400__b,https://raw.githubusercontent.com/kampax/Train_Data/refs/heads/main/f/snev_NA_5374_52878276400__b.jpg
picture335,snev_NA_5375_53287039458__b,https://raw.githubusercontent.com/kampax/Train_Data/refs/heads/main/f/snev_NA_5375_53287039458__b.jpg
picture336,snev_NA_8801_53424836486__b,https://raw.githubusercontent.com/kampax/Train_Data/refs/heads/main/f/snev_NA_8801_53424836486__b.jpg
picture337,10121105795,https://raw.githubusercontent.com/kampax/Train_Data/refs/heads/main/e/10121105795.jpg
picture338,11451157766,https://raw.githubusercontent.com/kampax/Train_Data/refs/heads/main/e/11451157766.jpg
picture339,12194437274,https://raw.githubusercontent.com/kampax/Train_Data/refs/heads/main/e/12194437274.jpg
picture340,12248877834,https://raw.githubusercontent.com/kampax/Train_Data/refs/heads/main/e/12248877834.jpg
picture341,12286735546,https://raw.githubusercontent.com/kampax/Train_Data/refs/heads/main/e/12286735546.jpg
picture342,12288056533,https://raw.githubusercontent.com/kampax/Train_Data/refs/heads/main/e/12288056533.jpg
picture343,12289634865,https://raw.githubusercontent.com/kampax/Train_Data/refs/heads/main/e/12289634865.jpg
picture344,123724921,https://raw.githubusercontent.com/kampax/Train_Data/refs/heads/main/e/123724921.jpg
picture345,12858562793,https://raw.githubusercontent.com/kampax/Train_Data/refs/heads/main/e/12858562793.jpg
picture346,13673460293,https://raw.githubusercontent.com/kampax/Train_Data/refs/heads/main/e/13673460293.jpg
picture347,13697374973,https://raw.githubusercontent.com/kampax/Train_Data/refs/heads/main/e/13697374973.jpg
picture348,13697720435,https://raw.githubusercontent.com/kampax/Train_Data/refs/heads/main/e/13697720435.jpg
picture349,13931427847,https://raw.githubusercontent.com/kampax/Train_Data/refs/heads/main/e/13931427847.jpg
picture350,13968180107,https://raw.githubusercontent.com/kampax/Train_Data/refs/heads/main/e/13968180107.jpg
picture351,13968210960,https://raw.githubusercontent.com/kampax/Train_Data/refs/heads/main/e/13968210960.jpg
picture352,14472173930,https://raw.githubusercontent.com/kampax/Train_Data/refs/heads/main/e/14472173930.jpg
picture353,15290268886,https://raw.githubusercontent.com/kampax/Train_Data/refs/heads/main/e/15290268886.jpg
picture354,15506384734,https://raw.githubusercontent.com/kampax/Train_Data/refs/heads/main/e/15506384734.jpg
picture355,15575194534,https://raw.githubusercontent.com/kampax/Train_Data/refs/heads/main/e/15575194534.jpg
picture356,16090872610,https://raw.githubusercontent.com/kampax/Train_Data/refs/heads/main/e/16090872610.jpg
picture357,16133152924,https://raw.githubusercontent.com/kampax/Train_Data/refs/heads/main/e/16133152924.jpg
picture358,16173052383,https://raw.githubusercontent.com/kampax/Train_Data/refs/heads/main/e/16173052383.jpg
picture359,1662137160,https://raw.githubusercontent.com/kampax/Train_Data/refs/heads/main/e/1662137160.jpg
picture360,16893207921,https://raw.githubusercontent.com/kampax/Train_Data/refs/heads/main/e/16893207921.jpg
picture361,16965159129,https://raw.githubusercontent.com/kampax/Train_Data/refs/heads/main/e/16965159129.jpg
picture362,17127923330,https://raw.githubusercontent.com/kampax/Train_Data/refs/heads/main/e/17127923330.jpg
picture363,17247977994,https://raw.githubusercontent.com/kampax/Train_Data/refs/heads/main/e/17247977994.jpg
picture364,17590266054,https://raw.githubusercontent.com/kampax/Train_Data/refs/heads/main/e/17590266054.jpg
picture365,18805801745,https://raw.githubusercontent.com/kampax/Train_Data/refs/heads/main/e/18805801745.jpg
picture366,19035985034,https://raw.githubusercontent.com/kampax/Train_Data/refs/heads/main/e/19035985034.jpg
picture367,19037448683,https://raw.githubusercontent.com/kampax/Train_Data/refs/heads/main/e/19037448683.jpg
picture368,19781661380,https://raw.githubusercontent.com/kampax/Train_Data/refs/heads/main/e/19781661380.jpg
picture369,20177672363,https://raw.githubusercontent.com/kampax/Train_Data/refs/heads/main/e/20177672363.jpg
picture370,20285129223,https://raw.githubusercontent.com/kampax/Train_Data/refs/heads/main/e/20285129223.jpg
picture371,21442525899,https://raw.githubusercontent.com/kampax/Train_Data/refs/heads/main/e/21442525899.jpg
picture372,21577151134,https://raw.githubusercontent.com/kampax/Train_Data/refs/heads/main/e/21577151134.jpg
picture373,2255016304,https://raw.githubusercontent.com/kampax/Train_Data/refs/heads/main/e/2255016304.jpg
picture374,2260481515,https://raw.githubusercontent.com/kampax/Train_Data/refs/heads/main/e/2260481515.jpg
picture375,26771374906,https://raw.githubusercontent.com/kampax/Train_Data/refs/heads/main/e/26771374906.jpg
picture376,28576502574,https://raw.githubusercontent.com/kampax/Train_Data/refs/heads/main/e/28576502574.jpg
picture377,29936549254,https://raw.githubusercontent.com/kampax/Train_Data/refs/heads/main/e/29936549254.jpg
picture378,3048550650,https://raw.githubusercontent.com/kampax/Train_Data/refs/heads/main/e/3048550650.jpg
picture379,3073534171,https://raw.githubusercontent.com/kampax/Train_Data/refs/heads/main/e/3073534171.jpg
picture380,31368456353,https://raw.githubusercontent.com/kampax/Train_Data/refs/heads/main/e/31368456353.jpg
picture381,3220154765,https://raw.githubusercontent.com/kampax/Train_Data/refs/heads/main/e/3220154765.jpg
picture382,32674816093,https://raw.githubusercontent.com/kampax/Train_Data/refs/heads/main/e/32674816093.jpg
picture383,32713756964,https://raw.githubusercontent.com/kampax/Train_Data/refs/heads/main/e/32713756964.jpg
picture384,33419070042,https://raw.githubusercontent.com/kampax/Train_Data/refs/heads/main/e/33419070042.jpg
picture385,33778651610,https://raw.githubusercontent.com/kampax/Train_Data/refs/heads/main/e/33778651610.jpg
picture386,34003840640,https://raw.githubusercontent.com/kampax/Train_Data/refs/heads/main/e/34003840640.jpg
picture387,357385115,https://raw.githubusercontent.com/kampax/Train_Data/refs/heads/main/e/357385115.jpg
picture388,4279114426,https://raw.githubusercontent.com/kampax/Train_Data/refs/heads/main/e/4279114426.jpg
picture389,4521011659,https://raw.githubusercontent.com/kampax/Train_Data/refs/heads/main/e/4521011659.jpg
picture390,4531783470,https://raw.githubusercontent.com/kampax/Train_Data/refs/heads/main/e/4531783470.jpg
picture391,4919888811,https://raw.githubusercontent.com/kampax/Train_Data/refs/heads/main/e/4919888811.jpg
picture392,4936057896,https://raw.githubusercontent.com/kampax/Train_Data/refs/heads/main/e/4936057896.jpg
picture393,5057666164,https://raw.githubusercontent.com/kampax/Train_Data/refs/heads/main/e/5057666164.jpg
picture394,5304135095,https://raw.githubusercontent.com/kampax/Train_Data/refs/heads/main/e/5304135095.jpg
picture395,5362857827,https://raw.githubusercontent.com/kampax/Train_Data/refs/heads/main/e/5362857827.jpg
picture396,5381834791,https://raw.githubusercontent.com/kampax/Train_Data/refs/heads/main/e/5381834791.jpg
picture397,5422823239,https://raw.githubusercontent.com/kampax/Train_Data/refs/heads/main/e/5422823239.jpg
picture398,5456351224,https://raw.githubusercontent.com/kampax/Train_Data/refs/heads/main/e/5456351224.jpg
picture399,5508732814,https://raw.githubusercontent.com/kampax/Train_Data/refs/heads/main/e/5508732814.jpg
picture400,5856334784,https://raw.githubusercontent.com/kampax/Train_Data/refs/heads/main/e/5856334784.jpg
picture401,6305005523,https://raw.githubusercontent.com/kampax/Train_Data/refs/heads/main/e/6305005523.jpg
picture402,6504104495,https://raw.githubusercontent.com/kampax/Train_Data/refs/heads/main/e/6504104495.jpg
picture403,67876987,https://raw.githubusercontent.com/kampax/Train_Data/refs/heads/main/e/67876987.jpg
picture404,6999243162,https://raw.githubusercontent.com/kampax/Train_Data/refs/heads/main/e/6999243162.jpg
picture405,7263520580,https://raw.githubusercontent.com/kampax/Train_Data/refs/heads/main/e/7263520580.jpg
picture406,7526466488,https://raw.githubusercontent.com/kampax/Train_Data/refs/heads/main/e/7526466488.jpg
picture407,7599087722,https://raw.githubusercontent.com/kampax/Train_Data/refs/heads/main/e/7599087722.jpg
picture408,7823905540,https://raw.githubusercontent.com/kampax/Train_Data/refs/heads/main/e/7823905540.jpg
picture409,7826092770,https://raw.githubusercontent.com/kampax/Train_Data/refs/heads/main/e/7826092770.jpg
picture410,7990475095,https://raw.githubusercontent.com/kampax/Train_Data/refs/heads/main/e/7990475095.jpg
picture411,8253686521,https://raw.githubusercontent.com/kampax/Train_Data/refs/heads/main/e/8253686521.jpg
picture412,8336571321,https://raw.githubusercontent.com/kampax/Train_Data/refs/heads/main/e/8336571321.jpg
picture413,8336574447,https://raw.githubusercontent.com/kampax/Train_Data/refs/heads/main/e/8336574447.jpg
picture414,8491155915,https://raw.githubusercontent.com/kampax/Train_Data/refs/heads/main/e/8491155915.jpg
picture415,9007850349,https://raw.githubusercontent.com/kampax/Train_Data/refs/heads/main/e/9007850349.jpg
picture416,9230416703,https://raw.githubusercontent.com/kampax/Train_Data/refs/heads/main/e/9230416703.jpg
picture417,9415379210,https://raw.githubusercontent.com/kampax/Train_Data/refs/heads/main/e/9415379210.jpg
picture418,9495280825,https://raw.githubusercontent.com/kampax/Train_Data/refs/heads/main/e/9495280825.jpg
picture419,9498075552,https://raw.githubusercontent.com/kampax/Train_Data/refs/heads/main/e/9498075552.jpg
picture420,9607646931,https://raw.githubusercontent.com/kampax/Train_Data/refs/heads/main/e/9607646931.jpg
picture421,aiguestortes_NA_1195_50271791697__b,https://raw.githubusercontent.com/kampax/Train_Data/refs/heads/main/e/aiguestortes_NA_1195_50271791697__b.jpg
picture422,aiguestortes_NA_1196_32853153568__b,https://raw.githubusercontent.com/kampax/Train_Data/refs/heads/main/e/aiguestortes_NA_1196_32853153568__b.jpg
picture423,aiguestortes_NA_1201_52395819360__b,https://raw.githubusercontent.com/kampax/Train_Data/refs/heads/main/e/aiguestortes_NA_1201_52395819360__b.jpg
picture424,aiguestortes_NA_1266_22348594121__b,https://raw.githubusercontent.com/kampax/Train_Data/refs/heads/main/e/aiguestortes_NA_1266_22348594121__b.jpg
picture425,aiguestortes_NA_1273_33729607764__b,https://raw.githubusercontent.com/kampax/Train_Data/refs/heads/main/e/aiguestortes_NA_1273_33729607764__b.jpg
picture426,aiguestortes_NA_1634_52326648263__b,https://raw.githubusercontent.com/kampax/Train_Data/refs/heads/main/e/aiguestortes_NA_1634_52326648263__b.jpg
picture427,aiguestortes_NA_2807_29425502625__b,https://raw.githubusercontent.com/kampax/Train_Data/refs/heads/main/e/aiguestortes_NA_2807_29425502625__b.jpg
picture428,aiguestortes_NA_325_19417893170__o,https://raw.githubusercontent.com/kampax/Train_Data/refs/heads/main/e/aiguestortes_NA_325_19417893170__o.jpg
picture429,aiguestortes_NA_3370_45799349285__b,https://raw.githubusercontent.com/kampax/Train_Data/refs/heads/main/e/aiguestortes_NA_3370_45799349285__b.jpg
picture430,aiguestortes_NA_3547_29391679506__b,https://raw.githubusercontent.com/kampax/Train_Data/refs/heads/main/e/aiguestortes_NA_3547_29391679506__b.jpg
picture431,aiguestortes_NA_4459_17269608558__b,https://raw.githubusercontent.com/kampax/Train_Data/refs/heads/main/e/aiguestortes_NA_4459_17269608558__b.jpg
picture432,aiguestortes_NA_4459_17269616348__b,https://raw.githubusercontent.com/kampax/Train_Data/refs/heads/main/e/aiguestortes_NA_4459_17269616348__b.jpg
picture433,aiguestortes_NA_4459_17522660232__b,https://raw.githubusercontent.com/kampax/Train_Data/refs/heads/main/e/aiguestortes_NA_4459_17522660232__b.jpg
picture434,granada_989780_989780_1475776674465779717_image_FHsDB-MXEAM-kVE,https://raw.githubusercontent.com/kampax/Train_Data/refs/heads/main/e/granada_989780_989780_1475776674465779717_image_FHsDB-MXEAM-kVE.jpg
picture435,guadarrama_NA_1265_16668356984__b,https://raw.githubusercontent.com/kampax/Train_Data/refs/heads/main/e/guadarrama_NA_1265_16668356984__b.jpg
picture436,guadarrama_NA_1265_16671961223__b,https://raw.githubusercontent.com/kampax/Train_Data/refs/heads/main/e/guadarrama_NA_1265_16671961223__b.jpg
picture437,guadarrama_NA_1265_17083374267__b,https://raw.githubusercontent.com/kampax/Train_Data/refs/heads/main/e/guadarrama_NA_1265_17083374267__b.jpg
picture438,guadarrama_NA_1265_17090565157__b,https://raw.githubusercontent.com/kampax/Train_Data/refs/heads/main/e/guadarrama_NA_1265_17090565157__b.jpg
picture439,guadarrama_NA_1346_17307561042__b,https://raw.githubusercontent.com/kampax/Train_Data/refs/heads/main/e/guadarrama_NA_1346_17307561042__b.jpg
picture440,guadarrama_NA_1855_27591494951__b,https://raw.githubusercontent.com/kampax/Train_Data/refs/heads/main/e/guadarrama_NA_1855_27591494951__b.jpg
picture441,guadarrama_NA_1855_27591532511__b,https://raw.githubusercontent.com/kampax/Train_Data/refs/heads/main/e/guadarrama_NA_1855_27591532511__b.jpg
picture442,guadarrama_NA_1855_27630768116__b,https://raw.githubusercontent.com/kampax/Train_Data/refs/heads/main/e/guadarrama_NA_1855_27630768116__b.jpg
picture443,peneda_1_343086_1029791430754136064_image_DkqN15bW0AAFu8E,https://raw.githubusercontent.com/kampax/Train_Data/refs/heads/main/e/peneda_1_343086_1029791430754136064_image_DkqN15bW0AAFu8E.jpg
picture444,snev_NA_1125_52825563015__b,https://raw.githubusercontent.com/kampax/Train_Data/refs/heads/main/e/snev_NA_1125_52825563015__b.jpg
picture445,snev_NA_1529_52699245055__b,https://raw.githubusercontent.com/kampax/Train_Data/refs/heads/main/e/snev_NA_1529_52699245055__b.jpg
picture446,snev_NA_1612_52825164661__b,https://raw.githubusercontent.com/kampax/Train_Data/refs/heads/main/e/snev_NA_1612_52825164661__b.jpg
picture447,snev_NA_2371_53505135549__b,https://raw.githubusercontent.com/kampax/Train_Data/refs/heads/main/e/snev_NA_2371_53505135549__b.jpg
picture448,snev_NA_642_52698806466__b,https://raw.githubusercontent.com/kampax/Train_Data/refs/heads/main/e/snev_NA_642_52698806466__b.jpg
picture449,10192830644,https://raw.githubusercontent.com/kampax/Train_Data/refs/heads/main/d/10192830644.jpg
picture450,10578090995,https://raw.githubusercontent.com/kampax/Train_Data/refs/heads/main/d/10578090995.jpg
picture451,10903285914,https://raw.githubusercontent.com/kampax/Train_Data/refs/heads/main/d/10903285914.jpg
picture452,11325859575,https://raw.githubusercontent.com/kampax/Train_Data/refs/heads/main/d/11325859575.jpg
picture453,13032859175,https://raw.githubusercontent.com/kampax/Train_Data/refs/heads/main/d/13032859175.jpg
picture454,13412633863,https://raw.githubusercontent.com/kampax/Train_Data/refs/heads/main/d/13412633863.jpg
picture455,14029831379,https://raw.githubusercontent.com/kampax/Train_Data/refs/heads/main/d/14029831379.jpg
picture456,14167873582,https://raw.githubusercontent.com/kampax/Train_Data/refs/heads/main/d/14167873582.jpg
picture457,14351085109,https://raw.githubusercontent.com/kampax/Train_Data/refs/heads/main/d/14351085109.jpg
picture458,14374003418,https://raw.githubusercontent.com/kampax/Train_Data/refs/heads/main/d/14374003418.jpg
picture459,14418318727,https://raw.githubusercontent.com/kampax/Train_Data/refs/heads/main/d/14418318727.jpg
picture460,14484144266,https://raw.githubusercontent.com/kampax/Train_Data/refs/heads/main/d/14484144266.jpg
picture461,14573118620,https://raw.githubusercontent.com/kampax/Train_Data/refs/heads/main/d/14573118620.jpg
picture462,14879264279,https://raw.githubusercontent.com/kampax/Train_Data/refs/heads/main/d/14879264279.jpg
picture463,15103341192,https://raw.githubusercontent.com/kampax/Train_Data/refs/heads/main/d/15103341192.jpg
picture464,15396195325,https://raw.githubusercontent.com/kampax/Train_Data/refs/heads/main/d/15396195325.jpg
picture465,15648359227,https://raw.githubusercontent.com/kampax/Train_Data/refs/heads/main/d/15648359227.jpg
picture466,15748561004,https://raw.githubusercontent.com/kampax/Train_Data/refs/heads/main/d/15748561004.jpg
picture467,15784226542,https://raw.githubusercontent.com/kampax/Train_Data/refs/heads/main/d/15784226542.jpg
picture468,15833799008,https://raw.githubusercontent.com/kampax/Train_Data/refs/heads/main/d/15833799008.jpg
picture469,15921109103,https://raw.githubusercontent.com/kampax/Train_Data/refs/heads/main/d/15921109103.jpg
picture470,16309755933,https://raw.githubusercontent.com/kampax/Train_Data/refs/heads/main/d/16309755933.jpg
picture471,16688192028,https://raw.githubusercontent.com/kampax/Train_Data/refs/heads/main/d/16688192028.jpg
picture472,16993249722,https://raw.githubusercontent.com/kampax/Train_Data/refs/heads/main/d/16993249722.jpg
picture473,17676355311,https://raw.githubusercontent.com/kampax/Train_Data/refs/heads/main/d/17676355311.jpg
picture474,20301914970,https://raw.githubusercontent.com/kampax/Train_Data/refs/heads/main/d/20301914970.jpg
picture475,20626070283,https://raw.githubusercontent.com/kampax/Train_Data/refs/heads/main/d/20626070283.jpg
picture476,20970019044,https://raw.githubusercontent.com/kampax/Train_Data/refs/heads/main/d/20970019044.jpg
picture477,21183667878,https://raw.githubusercontent.com/kampax/Train_Data/refs/heads/main/d/21183667878.jpg
picture478,21312977873,https://raw.githubusercontent.com/kampax/Train_Data/refs/heads/main/d/21312977873.jpg
picture479,24107043792,https://raw.githubusercontent.com/kampax/Train_Data/refs/heads/main/d/24107043792.jpg
picture480,24458165162,https://raw.githubusercontent.com/kampax/Train_Data/refs/heads/main/d/24458165162.jpg
picture481,26005545474,https://raw.githubusercontent.com/kampax/Train_Data/refs/heads/main/d/26005545474.jpg
picture482,26544448184,https://raw.githubusercontent.com/kampax/Train_Data/refs/heads/main/d/26544448184.jpg
picture483,2703593478,https://raw.githubusercontent.com/kampax/Train_Data/refs/heads/main/d/2703593478.jpg
picture484,27476343683,https://raw.githubusercontent.com/kampax/Train_Data/refs/heads/main/d/27476343683.jpg
picture485,27640951061,https://raw.githubusercontent.com/kampax/Train_Data/refs/heads/main/d/27640951061.jpg
picture486,29659160334,https://raw.githubusercontent.com/kampax/Train_Data/refs/heads/main/d/29659160334.jpg
picture487,30184058546,https://raw.githubusercontent.com/kampax/Train_Data/refs/heads/main/d/30184058546.jpg
picture488,32668322635,https://raw.githubusercontent.com/kampax/Train_Data/refs/heads/main/d/32668322635.jpg
picture489,32713864094,https://raw.githubusercontent.com/kampax/Train_Data/refs/heads/main/d/32713864094.jpg
picture490,33096158665,https://raw.githubusercontent.com/kampax/Train_Data/refs/heads/main/d/33096158665.jpg
picture491,33209378483,https://raw.githubusercontent.com/kampax/Train_Data/refs/heads/main/d/33209378483.jpg
picture492,3329892237,https://raw.githubusercontent.com/kampax/Train_Data/refs/heads/main/d/3329892237.jpg
picture493,343792993,https://raw.githubusercontent.com/kampax/Train_Data/refs/heads/main/d/343792993.jpg
picture494,4318183411,https://raw.githubusercontent.com/kampax/Train_Data/refs/heads/main/d/4318183411.jpg
picture495,4563550677,https://raw.githubusercontent.com/kampax/Train_Data/refs/heads/main/d/4563550677.jpg
picture496,4763293627,https://raw.githubusercontent.com/kampax/Train_Data/refs/heads/main/d/4763293627.jpg
picture497,4908788040,https://raw.githubusercontent.com/kampax/Train_Data/refs/heads/main/d/4908788040.jpg
picture498,5104680745,https://raw.githubusercontent.com/kampax/Train_Data/refs/heads/main/d/5104680745.jpg
picture499,5168617623,https://raw.githubusercontent.com/kampax/Train_Data/refs/heads/main/d/5168617623.jpg
picture500,5329594107,https://raw.githubusercontent.com/kampax/Train_Data/refs/heads/main/d/5329594107.jpg
picture501,5372534323,https://raw.githubusercontent.com/kampax/Train_Data/refs/heads/main/d/5372534323.jpg
picture502,5416039805,https://raw.githubusercontent.com/kampax/Train_Data/refs/heads/main/d/5416039805.jpg
picture503,5515379764,https://raw.githubusercontent.com/kampax/Train_Data/refs/heads/main/d/5515379764.jpg
picture504,5520127618,https://raw.githubusercontent.com/kampax/Train_Data/refs/heads/main/d/5520127618.jpg
picture505,5568914885,https://raw.githubusercontent.com/kampax/Train_Data/refs/heads/main/d/5568914885.jpg
picture506,5845827509,https://raw.githubusercontent.com/kampax/Train_Data/refs/heads/main/d/5845827509.jpg
picture507,5866646974,https://raw.githubusercontent.com/kampax/Train_Data/refs/heads/main/d/5866646974.jpg
picture508,6065841308,https://raw.githubusercontent.com/kampax/Train_Data/refs/heads/main/d/6065841308.jpg
picture509,6120594033,https://raw.githubusercontent.com/kampax/Train_Data/refs/heads/main/d/6120594033.jpg
picture510,6161407443,https://raw.githubusercontent.com/kampax/Train_Data/refs/heads/main/d/6161407443.jpg
picture511,6320107896,https://raw.githubusercontent.com/kampax/Train_Data/refs/heads/main/d/6320107896.jpg
picture512,6351336512,https://raw.githubusercontent.com/kampax/Train_Data/refs/heads/main/d/6351336512.jpg
picture513,6383187179,https://raw.githubusercontent.com/kampax/Train_Data/refs/heads/main/d/6383187179.jpg
picture514,6399967031,https://raw.githubusercontent.com/kampax/Train_Data/refs/heads/main/d/6399967031.jpg
picture515,6477020097,https://raw.githubusercontent.com/kampax/Train_Data/refs/heads/main/d/6477020097.jpg
picture516,6488141837,https://raw.githubusercontent.com/kampax/Train_Data/refs/heads/main/d/6488141837.jpg
picture517,6661780175,https://raw.githubusercontent.com/kampax/Train_Data/refs/heads/main/d/6661780175.jpg
picture518,6783197280,https://raw.githubusercontent.com/kampax/Train_Data/refs/heads/main/d/6783197280.jpg
picture519,6983492674,https://raw.githubusercontent.com/kampax/Train_Data/refs/heads/main/d/6983492674.jpg
picture520,7059804763,https://raw.githubusercontent.com/kampax/Train_Data/refs/heads/main/d/7059804763.jpg
picture521,7208322434,https://raw.githubusercontent.com/kampax/Train_Data/refs/heads/main/d/7208322434.jpg
picture522,8354991994,https://raw.githubusercontent.com/kampax/Train_Data/refs/heads/main/d/8354991994.jpg
picture523,8508711761,https://raw.githubusercontent.com/kampax/Train_Data/refs/heads/main/d/8508711761.jpg
picture524,8513250557,https://raw.githubusercontent.com/kampax/Train_Data/refs/heads/main/d/8513250557.jpg
picture525,8516279207,https://raw.githubusercontent.com/kampax/Train_Data/refs/heads/main/d/8516279207.jpg
picture526,8695897222,https://raw.githubusercontent.com/kampax/Train_Data/refs/heads/main/d/8695897222.jpg
picture527,8705711463,https://raw.githubusercontent.com/kampax/Train_Data/refs/heads/main/d/8705711463.jpg
picture528,8927168605,https://raw.githubusercontent.com/kampax/Train_Data/refs/heads/main/d/8927168605.jpg
picture529,9566973276,https://raw.githubusercontent.com/kampax/Train_Data/refs/heads/main/d/9566973276.jpg
picture530,9671767264,https://raw.githubusercontent.com/kampax/Train_Data/refs/heads/main/d/9671767264.jpg
picture531,aiguestortes_NA_1050_50271790722__b,https://raw.githubusercontent.com/kampax/Train_Data/refs/heads/main/d/aiguestortes_NA_1050_50271790722__b.jpg
picture532,aiguestortes_NA_1194_22311832346__b,https://raw.githubusercontent.com/kampax/Train_Data/refs/heads/main/d/aiguestortes_NA_1194_22311832346__b.jpg
picture533,aiguestortes_NA_1195_52239976525__b,https://raw.githubusercontent.com/kampax/Train_Data/refs/heads/main/d/aiguestortes_NA_1195_52239976525__b.jpg
picture534,aiguestortes_NA_1267_37319589320__b,https://raw.githubusercontent.com/kampax/Train_Data/refs/heads/main/d/aiguestortes_NA_1267_37319589320__b.jpg
picture535,aiguestortes_NA_1268_52163772554__b,https://raw.githubusercontent.com/kampax/Train_Data/refs/heads/main/d/aiguestortes_NA_1268_52163772554__b.jpg
picture536,aiguestortes_NA_1342_48848685908__b,https://raw.githubusercontent.com/kampax/Train_Data/refs/heads/main/d/aiguestortes_NA_1342_48848685908__b.jpg
picture537,aiguestortes_NA_1416_50421461376__b,https://raw.githubusercontent.com/kampax/Train_Data/refs/heads/main/d/aiguestortes_NA_1416_50421461376__b.jpg
picture538,aiguestortes_NA_1634_41110610412__b,https://raw.githubusercontent.com/kampax/Train_Data/refs/heads/main/d/aiguestortes_NA_1634_41110610412__b.jpg
picture539,aiguestortes_NA_1634_45337508764__b,https://raw.githubusercontent.com/kampax/Train_Data/refs/heads/main/d/aiguestortes_NA_1634_45337508764__b.jpg
picture540,aiguestortes_NA_1634_46288837062__b,https://raw.githubusercontent.com/kampax/Train_Data/refs/heads/main/d/aiguestortes_NA_1634_46288837062__b.jpg
picture541,aiguestortes_NA_1634_50176674968__b,https://raw.githubusercontent.com/kampax/Train_Data/refs/heads/main/d/aiguestortes_NA_1634_50176674968__b.jpg
picture542,aiguestortes_NA_2375_35656744093__b,https://raw.githubusercontent.com/kampax/Train_Data/refs/heads/main/d/aiguestortes_NA_2375_35656744093__b.jpg
picture543,aiguestortes_NA_2567_37100314550__b,https://raw.githubusercontent.com/kampax/Train_Data/refs/heads/main/d/aiguestortes_NA_2567_37100314550__b.jpg
picture544,aiguestortes_NA_3076_48388491727__b,https://raw.githubusercontent.com/kampax/Train_Data/refs/heads/main/d/aiguestortes_NA_3076_48388491727__b.jpg
picture545,aiguestortes_NA_3321_50404325866__b,https://raw.githubusercontent.com/kampax/Train_Data/refs/heads/main/d/aiguestortes_NA_3321_50404325866__b.jpg
picture546,aiguestortes_NA_3368_31437606102__b,https://raw.githubusercontent.com/kampax/Train_Data/refs/heads/main/d/aiguestortes_NA_3368_31437606102__b.jpg
picture547,aiguestortes_NA_3368_31468213741__b,https://raw.githubusercontent.com/kampax/Train_Data/refs/heads/main/d/aiguestortes_NA_3368_31468213741__b.jpg
picture548,aiguestortes_NA_3368_33138935343__b,https://raw.githubusercontent.com/kampax/Train_Data/refs/heads/main/d/aiguestortes_NA_3368_33138935343__b.jpg
picture549,aiguestortes_NA_3368_48388425617__b,https://raw.githubusercontent.com/kampax/Train_Data/refs/heads/main/d/aiguestortes_NA_3368_48388425617__b.jpg
picture550,aiguestortes_NA_3372_30761746955__b,https://raw.githubusercontent.com/kampax/Train_Data/refs/heads/main/d/aiguestortes_NA_3372_30761746955__b.jpg
picture551,aiguestortes_NA_3389_52221781864__b,https://raw.githubusercontent.com/kampax/Train_Data/refs/heads/main/d/aiguestortes_NA_3389_52221781864__b.jpg
picture552,aiguestortes_NA_3588_31191153132__b,https://raw.githubusercontent.com/kampax/Train_Data/refs/heads/main/d/aiguestortes_NA_3588_31191153132__b.jpg
picture553,aiguestortes_NA_3691_21804600352__b,https://raw.githubusercontent.com/kampax/Train_Data/refs/heads/main/d/aiguestortes_NA_3691_21804600352__b.jpg
picture554,aiguestortes_NA_3980_29029839511__b,https://raw.githubusercontent.com/kampax/Train_Data/refs/heads/main/d/aiguestortes_NA_3980_29029839511__b.jpg
picture555,aiguestortes_NA_5644_30127297372__b,https://raw.githubusercontent.com/kampax/Train_Data/refs/heads/main/d/aiguestortes_NA_5644_30127297372__b.jpg
picture556,granada_977255_977255_581933008221016065_image_CBNw4KDWgAANI3A,https://raw.githubusercontent.com/kampax/Train_Data/refs/heads/main/d/granada_977255_977255_581933008221016065_image_CBNw4KDWgAANI3A.jpg
picture557,snev_NA_1029_53552163740__b,https://raw.githubusercontent.com/kampax/Train_Data/refs/heads/main/d/snev_NA_1029_53552163740__b.jpg
picture558,snev_NA_2664_52718556933__b,https://raw.githubusercontent.com/kampax/Train_Data/refs/heads/main/d/snev_NA_2664_52718556933__b.jpg
picture559,snev_NA_3360_53004362635__b,https://raw.githubusercontent.com/kampax/Train_Data/refs/heads/main/d/snev_NA_3360_53004362635__b.jpg
picture560,snev_NA_379_53411421379__b,https://raw.githubusercontent.com/kampax/Train_Data/refs/heads/main/d/snev_NA_379_53411421379__b.jpg
picture561,1099731005890547713,https://raw.githubusercontent.com/kampax/Train_Data/refs/heads/main/a/1099731005890547713.jpg
picture562,11118178533,https://raw.githubusercontent.com/kampax/Train_Data/refs/heads/main/a/11118178533.jpg
picture563,1277136159051780097,https://raw.githubusercontent.com/kampax/Train_Data/refs/heads/main/a/1277136159051780097.jpg
picture564,1431523817608859648,https://raw.githubusercontent.com/kampax/Train_Data/refs/heads/main/a/1431523817608859648.jpg
picture565,14584206836,https://raw.githubusercontent.com/kampax/Train_Data/refs/heads/main/a/14584206836.jpg
picture566,1474708753014476804,https://raw.githubusercontent.com/kampax/Train_Data/refs/heads/main/a/1474708753014476804.jpg
picture567,16365768800,https://raw.githubusercontent.com/kampax/Train_Data/refs/heads/main/a/16365768800.jpg
picture568,22379545270,https://raw.githubusercontent.com/kampax/Train_Data/refs/heads/main/a/22379545270.jpg
picture569,22960208453,https://raw.githubusercontent.com/kampax/Train_Data/refs/heads/main/a/22960208453.jpg
picture570,23120543850,https://raw.githubusercontent.com/kampax/Train_Data/refs/heads/main/a/23120543850.jpg
picture571,28709860484,https://raw.githubusercontent.com/kampax/Train_Data/refs/heads/main/a/28709860484.jpg
picture572,34108176126,https://raw.githubusercontent.com/kampax/Train_Data/refs/heads/main/a/34108176126.jpg
picture573,35500462255,https://raw.githubusercontent.com/kampax/Train_Data/refs/heads/main/a/35500462255.jpg
picture574,3716690075,https://raw.githubusercontent.com/kampax/Train_Data/refs/heads/main/a/3716690075.jpg
picture575,4168260265,https://raw.githubusercontent.com/kampax/Train_Data/refs/heads/main/a/4168260265.jpg
picture576,4186772723,https://raw.githubusercontent.com/kampax/Train_Data/refs/heads/main/a/4186772723.jpg
picture577,52588950876,https://raw.githubusercontent.com/kampax/Train_Data/refs/heads/main/a/52588950876.jpg
picture578,52696667333,https://raw.githubusercontent.com/kampax/Train_Data/refs/heads/main/a/52696667333.jpg
picture579,52895281971,https://raw.githubusercontent.com/kampax/Train_Data/refs/heads/main/a/52895281971.jpg
picture580,53201876148,https://raw.githubusercontent.com/kampax/Train_Data/refs/heads/main/a/53201876148.jpg
picture581,53239434086,https://raw.githubusercontent.com/kampax/Train_Data/refs/heads/main/a/53239434086.jpg
picture582,53239514711,https://raw.githubusercontent.com/kampax/Train_Data/refs/heads/main/a/53239514711.jpg
picture583,53239880549,https://raw.githubusercontent.com/kampax/Train_Data/refs/heads/main/a/53239880549.jpg
picture584,53239886004,https://raw.githubusercontent.com/kampax/Train_Data/refs/heads/main/a/53239886004.jpg
picture585,53248216460,https://raw.githubusercontent.com/kampax/Train_Data/refs/heads/main/a/53248216460.jpg
picture586,53290611599,https://raw.githubusercontent.com/kampax/Train_Data/refs/heads/main/a/53290611599.jpg
picture587,6046868353,https://raw.githubusercontent.com/kampax/Train_Data/refs/heads/main/a/6046868353.jpg
picture588,6135926408,https://raw.githubusercontent.com/kampax/Train_Data/refs/heads/main/a/6135926408.jpg
picture589,6485658283,https://raw.githubusercontent.com/kampax/Train_Data/refs/heads/main/a/6485658283.jpg
picture590,6824615462,https://raw.githubusercontent.com/kampax/Train_Data/refs/heads/main/a/6824615462.jpg
picture591,743057352656596993,https://raw.githubusercontent.com/kampax/Train_Data/refs/heads/main/a/743057352656596993.jpg
picture592,793071021079334912,https://raw.githubusercontent.com/kampax/Train_Data/refs/heads/main/a/793071021079334912.jpg
picture593,7938029776,https://raw.githubusercontent.com/kampax/Train_Data/refs/heads/main/a/7938029776.jpg
picture594,8272830339,https://raw.githubusercontent.com/kampax/Train_Data/refs/heads/main/a/8272830339.jpg
picture595,aiguestortes_NA_1619_35739266031__b,https://raw.githubusercontent.com/kampax/Train_Data/refs/heads/main/a/aiguestortes_NA_1619_35739266031__b.jpg
picture596,aiguestortes_NA_1619_44496120751__b,https://raw.githubusercontent.com/kampax/Train_Data/refs/heads/main/a/aiguestortes_NA_1619_44496120751__b.jpg
picture597,aiguestortes_NA_1660_40645789703__b,https://raw.githubusercontent.com/kampax/Train_Data/refs/heads/main/a/aiguestortes_NA_1660_40645789703__b.jpg
picture598,aiguestortes_NA_1660_40674861983__b,https://raw.githubusercontent.com/kampax/Train_Data/refs/heads/main/a/aiguestortes_NA_1660_40674861983__b.jpg
picture599,aiguestortes_NA_1660_47559281972__b,https://raw.githubusercontent.com/kampax/Train_Data/refs/heads/main/a/aiguestortes_NA_1660_47559281972__b.jpg
picture600,aiguestortes_NA_1699_29186179392__b,https://raw.githubusercontent.com/kampax/Train_Data/refs/heads/main/a/aiguestortes_NA_1699_29186179392__b.jpg
picture601,aiguestortes_NA_1699_32095244204__b,https://raw.githubusercontent.com/kampax/Train_Data/refs/heads/main/a/aiguestortes_NA_1699_32095244204__b.jpg
picture602,aiguestortes_NA_2094_29399785715__b,https://raw.githubusercontent.com/kampax/Train_Data/refs/heads/main/a/aiguestortes_NA_2094_29399785715__b.jpg
picture603,aiguestortes_NA_2094_45681782572__b,https://raw.githubusercontent.com/kampax/Train_Data/refs/heads/main/a/aiguestortes_NA_2094_45681782572__b.jpg
picture604,aiguestortes_NA_2094_48590986456__b,https://raw.githubusercontent.com/kampax/Train_Data/refs/heads/main/a/aiguestortes_NA_2094_48590986456__b.jpg
picture605,aiguestortes_NA_2142_36542348526__b,https://raw.githubusercontent.com/kampax/Train_Data/refs/heads/main/a/aiguestortes_NA_2142_36542348526__b.jpg
picture606,aiguestortes_NA_2142_40839339785__b,https://raw.githubusercontent.com/kampax/Train_Data/refs/heads/main/a/aiguestortes_NA_2142_40839339785__b.jpg
picture607,aiguestortes_NA_2142_40839342335__b,https://raw.githubusercontent.com/kampax/Train_Data/refs/heads/main/a/aiguestortes_NA_2142_40839342335__b.jpg
picture608,aiguestortes_NA_2310_28552823092__b,https://raw.githubusercontent.com/kampax/Train_Data/refs/heads/main/a/aiguestortes_NA_2310_28552823092__b.jpg
picture609,aiguestortes_NA_2380_29537607625__b,https://raw.githubusercontent.com/kampax/Train_Data/refs/heads/main/a/aiguestortes_NA_2380_29537607625__b.jpg
picture610,aiguestortes_NA_2380_37578942284__b,https://raw.githubusercontent.com/kampax/Train_Data/refs/heads/main/a/aiguestortes_NA_2380_37578942284__b.jpg
picture611,aiguestortes_NA_2383_28030533423__b,https://raw.githubusercontent.com/kampax/Train_Data/refs/heads/main/a/aiguestortes_NA_2383_28030533423__b.jpg
picture612,aiguestortes_NA_2527_29010273014__b,https://raw.githubusercontent.com/kampax/Train_Data/refs/heads/main/a/aiguestortes_NA_2527_29010273014__b.jpg
picture613,aiguestortes_NA_2527_48590905576__b,https://raw.githubusercontent.com/kampax/Train_Data/refs/heads/main/a/aiguestortes_NA_2527_48590905576__b.jpg
picture614,aiguestortes_NA_2798_51184816929__b,https://raw.githubusercontent.com/kampax/Train_Data/refs/heads/main/a/aiguestortes_NA_2798_51184816929__b.jpg
picture615,aiguestortes_NA_2798_51233361365__b,https://raw.githubusercontent.com/kampax/Train_Data/refs/heads/main/a/aiguestortes_NA_2798_51233361365__b.jpg
picture616,aiguestortes_NA_2798_51233963082__b,https://raw.githubusercontent.com/kampax/Train_Data/refs/heads/main/a/aiguestortes_NA_2798_51233963082__b.jpg
picture617,aiguestortes_NA_3303_52526863777__b,https://raw.githubusercontent.com/kampax/Train_Data/refs/heads/main/a/aiguestortes_NA_3303_52526863777__b.jpg
picture618,aiguestortes_NA_3975_44159811004__b,https://raw.githubusercontent.com/kampax/Train_Data/refs/heads/main/a/aiguestortes_NA_3975_44159811004__b.jpg
picture619,aiguestortes_NA_4136_51189027356__b,https://raw.githubusercontent.com/kampax/Train_Data/refs/heads/main/a/aiguestortes_NA_4136_51189027356__b.jpg
picture620,aiguestortes_NA_4421_42574829660__b,https://raw.githubusercontent.com/kampax/Train_Data/refs/heads/main/a/aiguestortes_NA_4421_42574829660__b.jpg
picture621,aiguestortes_NA_4421_51209341963__b,https://raw.githubusercontent.com/kampax/Train_Data/refs/heads/main/a/aiguestortes_NA_4421_51209341963__b.jpg
picture622,granada_NA_1459_26663591204__b,https://raw.githubusercontent.com/kampax/Train_Data/refs/heads/main/a/granada_NA_1459_26663591204__b.jpg
picture623,granada_NA_1514_33990757160__b,https://raw.githubusercontent.com/kampax/Train_Data/refs/heads/main/a/granada_NA_1514_33990757160__b.jpg
picture624,granada_NA_1514_47809112982__b,https://raw.githubusercontent.com/kampax/Train_Data/refs/heads/main/a/granada_NA_1514_47809112982__b.jpg
picture625,granada_NA_1515_28586554318__b,https://raw.githubusercontent.com/kampax/Train_Data/refs/heads/main/a/granada_NA_1515_28586554318__b.jpg
picture626,granada_NA_1515_33934288300__b,https://raw.githubusercontent.com/kampax/Train_Data/refs/heads/main/a/granada_NA_1515_33934288300__b.jpg
picture627,granada_NA_1515_35885531603__b,https://raw.githubusercontent.com/kampax/Train_Data/refs/heads/main/a/granada_NA_1515_35885531603__b.jpg
picture628,granada_NA_1515_40047551385__b,https://raw.githubusercontent.com/kampax/Train_Data/refs/heads/main/a/granada_NA_1515_40047551385__b.jpg
picture629,granada_NA_1515_52148491198__b,https://raw.githubusercontent.com/kampax/Train_Data/refs/heads/main/a/granada_NA_1515_52148491198__b.jpg
picture630,granada_NA_1568_16157796180__b,https://raw.githubusercontent.com/kampax/Train_Data/refs/heads/main/a/granada_NA_1568_16157796180__b.jpg
picture631,granada_NA_1568_16317808546__b,https://raw.githubusercontent.com/kampax/Train_Data/refs/heads/main/a/granada_NA_1568_16317808546__b.jpg
picture632,granada_NA_1568_16342284111__b,https://raw.githubusercontent.com/kampax/Train_Data/refs/heads/main/a/granada_NA_1568_16342284111__b.jpg
picture633,granada_NA_1568_16574423694__b,https://raw.githubusercontent.com/kampax/Train_Data/refs/heads/main/a/granada_NA_1568_16574423694__b.jpg
picture634,granada_NA_1568_17107538809__b,https://raw.githubusercontent.com/kampax/Train_Data/refs/heads/main/a/granada_NA_1568_17107538809__b.jpg
picture635,granada_NA_1568_17113461026__b,https://raw.githubusercontent.com/kampax/Train_Data/refs/heads/main/a/granada_NA_1568_17113461026__b.jpg
picture636,granada_NA_1568_17115060597__b,https://raw.githubusercontent.com/kampax/Train_Data/refs/heads/main/a/granada_NA_1568_17115060597__b.jpg
picture637,granada_NA_1568_17657696554__b,https://raw.githubusercontent.com/kampax/Train_Data/refs/heads/main/a/granada_NA_1568_17657696554__b.jpg
picture638,granada_NA_1568_22013014559__b,https://raw.githubusercontent.com/kampax/Train_Data/refs/heads/main/a/granada_NA_1568_22013014559__b.jpg
picture639,guadarrama_NA_1089_21378426370__b,https://raw.githubusercontent.com/kampax/Train_Data/refs/heads/main/a/guadarrama_NA_1089_21378426370__b.jpg
picture640,guadarrama_NA_1773_23588115846__b,https://raw.githubusercontent.com/kampax/Train_Data/refs/heads/main/a/guadarrama_NA_1773_23588115846__b.jpg
picture641,guadarrama_NA_1848_30840298192__b,https://raw.githubusercontent.com/kampax/Train_Data/refs/heads/main/a/guadarrama_NA_1848_30840298192__b.jpg
picture642,guadarrama_NA_1848_31402197178__b,https://raw.githubusercontent.com/kampax/Train_Data/refs/heads/main/a/guadarrama_NA_1848_31402197178__b.jpg
picture643,guadarrama_NA_1848_31476371753__b,https://raw.githubusercontent.com/kampax/Train_Data/refs/heads/main/a/guadarrama_NA_1848_31476371753__b.jpg
picture644,guadarrama_NA_1848_38190002322__b,https://raw.githubusercontent.com/kampax/Train_Data/refs/heads/main/a/guadarrama_NA_1848_38190002322__b.jpg
picture645,guadarrama_NA_1848_48864780916__b,https://raw.githubusercontent.com/kampax/Train_Data/refs/heads/main/a/guadarrama_NA_1848_48864780916__b.jpg
picture646,guadarrama_NA_1853_26412191927__b,https://raw.githubusercontent.com/kampax/Train_Data/refs/heads/main/a/guadarrama_NA_1853_26412191927__b.jpg
picture647,guadarrama_NA_1904_23937199888__b,https://raw.githubusercontent.com/kampax/Train_Data/refs/heads/main/a/guadarrama_NA_1904_23937199888__b.jpg
picture648,guadarrama_NA_1929_45112784195__b,https://raw.githubusercontent.com/kampax/Train_Data/refs/heads/main/a/guadarrama_NA_1929_45112784195__b.jpg
picture649,guadarrama_NA_1935_19954632351__b,https://raw.githubusercontent.com/kampax/Train_Data/refs/heads/main/a/guadarrama_NA_1935_19954632351__b.jpg
picture650,guadarrama_NA_1935_26018395163__b,https://raw.githubusercontent.com/kampax/Train_Data/refs/heads/main/a/guadarrama_NA_1935_26018395163__b.jpg
picture651,guadarrama_NA_1935_26032696038__b,https://raw.githubusercontent.com/kampax/Train_Data/refs/heads/main/a/guadarrama_NA_1935_26032696038__b.jpg
picture652,guadarrama_NA_1935_26456342726__b,https://raw.githubusercontent.com/kampax/Train_Data/refs/heads/main/a/guadarrama_NA_1935_26456342726__b.jpg
picture653,guadarrama_NA_1935_34379794105__b,https://raw.githubusercontent.com/kampax/Train_Data/refs/heads/main/a/guadarrama_NA_1935_34379794105__b.jpg
picture654,guadarrama_NA_1935_35308771196__b,https://raw.githubusercontent.com/kampax/Train_Data/refs/heads/main/a/guadarrama_NA_1935_35308771196__b.jpg
picture655,guadarrama_NA_1976_34053425796__b,https://raw.githubusercontent.com/kampax/Train_Data/refs/heads/main/a/guadarrama_NA_1976_34053425796__b.jpg
picture656,guadarrama_NA_1976_49556302656__b,https://raw.githubusercontent.com/kampax/Train_Data/refs/heads/main/a/guadarrama_NA_1976_49556302656__b.jpg
picture657,guadarrama_NA_2055_20790352514__b,https://raw.githubusercontent.com/kampax/Train_Data/refs/heads/main/a/guadarrama_NA_2055_20790352514__b.jpg
picture658,guadarrama_NA_2057_16683150427__b,https://raw.githubusercontent.com/kampax/Train_Data/refs/heads/main/a/guadarrama_NA_2057_16683150427__b.jpg
picture659,guadarrama_NA_2057_17032143585__b,https://raw.githubusercontent.com/kampax/Train_Data/refs/heads/main/a/guadarrama_NA_2057_17032143585__b.jpg
picture660,guadarrama_NA_2057_17057428750__b,https://raw.githubusercontent.com/kampax/Train_Data/refs/heads/main/a/guadarrama_NA_2057_17057428750__b.jpg
picture661,guadarrama_NA_2057_17106160801__b,https://raw.githubusercontent.com/kampax/Train_Data/refs/heads/main/a/guadarrama_NA_2057_17106160801__b.jpg
picture662,guadarrama_NA_2057_23438961222__b,https://raw.githubusercontent.com/kampax/Train_Data/refs/heads/main/a/guadarrama_NA_2057_23438961222__b.jpg
picture663,guadarrama_NA_2057_26369295510__b,https://raw.githubusercontent.com/kampax/Train_Data/refs/heads/main/a/guadarrama_NA_2057_26369295510__b.jpg
picture664,guadarrama_NA_2057_26714666056__b,https://raw.githubusercontent.com/kampax/Train_Data/refs/heads/main/a/guadarrama_NA_2057_26714666056__b.jpg
picture665,guadarrama_NA_2057_27210841739__b,https://raw.githubusercontent.com/kampax/Train_Data/refs/heads/main/a/guadarrama_NA_2057_27210841739__b.jpg
picture666,snev_NA_11342_53239819483__b,https://raw.githubusercontent.com/kampax/Train_Data/refs/heads/main/a/snev_NA_11342_53239819483__b.jpg
picture667,snev_NA_11342_53239885499__b,https://raw.githubusercontent.com/kampax/Train_Data/refs/heads/main/a/snev_NA_11342_53239885499__b.jpg
picture668,snev_NA_2016_53201776524__b,https://raw.githubusercontent.com/kampax/Train_Data/refs/heads/main/a/snev_NA_2016_53201776524__b.jpg
picture669,snev_NA_2016_53201789854__b,https://raw.githubusercontent.com/kampax/Train_Data/refs/heads/main/a/snev_NA_2016_53201789854__b.jpg
picture670,snev_NA_5969_53299993115__b,https://raw.githubusercontent.com/kampax/Train_Data/refs/heads/main/a/snev_NA_5969_53299993115__b.jpg
picture671,snev_NA_8457_53039187841__b,https://raw.githubusercontent.com/kampax/Train_Data/refs/heads/main/a/snev_NA_8457_53039187841__b.jpg
picture672,snev_NA_8801_53429362979__b,https://raw.githubusercontent.com/kampax/Train_Data/refs/heads/main/a/snev_NA_8801_53429362979__b.jpg
