id,url
picture1,https://raw.githubusercontent.com/kampax/Train_Data/refs/heads/main/Fauna_Flora/10060247786.jpg
picture2,https://raw.githubusercontent.com/kampax/Train_Data/refs/heads/main/Fauna_Flora/10175081236.jpg
picture3,https://raw.githubusercontent.com/kampax/Train_Data/refs/heads/main/Fauna_Flora/11162720455.jpg
picture4,https://raw.githubusercontent.com/kampax/Train_Data/refs/heads/main/Fauna_Flora/13807137553.jpg
picture5,https://raw.githubusercontent.com/kampax/Train_Data/refs/heads/main/Fauna_Flora/14752556530.jpg
picture6,https://raw.githubusercontent.com/kampax/Train_Data/refs/heads/main/Fauna_Flora/15481664139.jpg
picture7,https://raw.githubusercontent.com/kampax/Train_Data/refs/heads/main/Fauna_Flora/15580175993.jpg
picture8,https://raw.githubusercontent.com/kampax/Train_Data/refs/heads/main/Fauna_Flora/15736759139.jpg
picture9,https://raw.githubusercontent.com/kampax/Train_Data/refs/heads/main/Fauna_Flora/15889030197.jpg
picture10,https://raw.githubusercontent.com/kampax/Train_Data/refs/heads/main/Fauna_Flora/16049568624.jpg
picture11,https://raw.githubusercontent.com/kampax/Train_Data/refs/heads/main/Fauna_Flora/16304228615.jpg
picture12,https://raw.githubusercontent.com/kampax/Train_Data/refs/heads/main/Fauna_Flora/17014327368.jpg
picture13,https://raw.githubusercontent.com/kampax/Train_Data/refs/heads/main/Fauna_Flora/17315054645.jpg
picture14,https://raw.githubusercontent.com/kampax/Train_Data/refs/heads/main/Fauna_Flora/17488207338.jpg
picture15,https://raw.githubusercontent.com/kampax/Train_Data/refs/heads/main/Fauna_Flora/20020917376.jpg
picture16,https://raw.githubusercontent.com/kampax/Train_Data/refs/heads/main/Fauna_Flora/28389432890.jpg
picture17,https://raw.githubusercontent.com/kampax/Train_Data/refs/heads/main/Fauna_Flora/32038736582.jpg
picture18,https://raw.githubusercontent.com/kampax/Train_Data/refs/heads/main/Fauna_Flora/3562856138.jpg
picture19,https://raw.githubusercontent.com/kampax/Train_Data/refs/heads/main/Fauna_Flora/3702054860.jpg
picture20,https://raw.githubusercontent.com/kampax/Train_Data/refs/heads/main/Fauna_Flora/4983347894.jpg
picture21,https://raw.githubusercontent.com/kampax/Train_Data/refs/heads/main/Fauna_Flora/5523730580.jpg
picture22,https://raw.githubusercontent.com/kampax/Train_Data/refs/heads/main/Fauna_Flora/5531977363.jpg
picture23,https://raw.githubusercontent.com/kampax/Train_Data/refs/heads/main/Fauna_Flora/5553139712.jpg
picture24,https://raw.githubusercontent.com/kampax/Train_Data/refs/heads/main/Fauna_Flora/6117063949.jpg
picture25,https://raw.githubusercontent.com/kampax/Train_Data/refs/heads/main/Fauna_Flora/6190354422.jpg
picture26,https://raw.githubusercontent.com/kampax/Train_Data/refs/heads/main/Fauna_Flora/6249292736.jpg
picture27,https://raw.githubusercontent.com/kampax/Train_Data/refs/heads/main/Fauna_Flora/6425625799.jpg
picture28,https://raw.githubusercontent.com/kampax/Train_Data/refs/heads/main/Fauna_Flora/6892753441.jpg
picture29,https://raw.githubusercontent.com/kampax/Train_Data/refs/heads/main/Fauna_Flora/6926704583.jpg
picture30,https://raw.githubusercontent.com/kampax/Train_Data/refs/heads/main/Fauna_Flora/7396425774.jpg
picture31,https://raw.githubusercontent.com/kampax/Train_Data/refs/heads/main/Fauna_Flora/7576619256.jpg
picture32,https://raw.githubusercontent.com/kampax/Train_Data/refs/heads/main/Fauna_Flora/8150000385.jpg
picture33,https://raw.githubusercontent.com/kampax/Train_Data/refs/heads/main/Fauna_Flora/8190013891.jpg
picture34,https://raw.githubusercontent.com/kampax/Train_Data/refs/heads/main/Fauna_Flora/8264538893.jpg
picture35,https://raw.githubusercontent.com/kampax/Train_Data/refs/heads/main/Fauna_Flora/8961095358.jpg
picture36,https://raw.githubusercontent.com/kampax/Train_Data/refs/heads/main/Fauna_Flora/9465538915.jpg
picture37,https://raw.githubusercontent.com/kampax/Train_Data/refs/heads/main/Fauna_Flora/9655070465.jpg
picture38,https://raw.githubusercontent.com/kampax/Train_Data/refs/heads/main/Fauna_Flora/9805533056.jpg
picture39,https://raw.githubusercontent.com/kampax/Train_Data/refs/heads/main/Fauna_Flora/aiguestortes_NA_1042_40386765931__b.jpg
picture40,https://raw.githubusercontent.com/kampax/Train_Data/refs/heads/main/Fauna_Flora/aiguestortes_NA_1261_36623632253__b.jpg
picture41,https://raw.githubusercontent.com/kampax/Train_Data/refs/heads/main/Fauna_Flora/aiguestortes_NA_1261_37435999915__b.jpg
picture42,https://raw.githubusercontent.com/kampax/Train_Data/refs/heads/main/Fauna_Flora/aiguestortes_NA_1265_19925418530__b.jpg
picture43,https://raw.githubusercontent.com/kampax/Train_Data/refs/heads/main/Fauna_Flora/aiguestortes_NA_1269_21719857133__b.jpg
picture44,https://raw.githubusercontent.com/kampax/Train_Data/refs/heads/main/Fauna_Flora/aiguestortes_NA_1334_50030496927__b.jpg
picture45,https://raw.githubusercontent.com/kampax/Train_Data/refs/heads/main/Fauna_Flora/aiguestortes_NA_1545_16820597039__b.jpg
picture46,https://raw.githubusercontent.com/kampax/Train_Data/refs/heads/main/Fauna_Flora/aiguestortes_NA_1634_42339047952__b.jpg
picture47,https://raw.githubusercontent.com/kampax/Train_Data/refs/heads/main/Fauna_Flora/aiguestortes_NA_1646_27473050893__b.jpg
picture48,https://raw.githubusercontent.com/kampax/Train_Data/refs/heads/main/Fauna_Flora/aiguestortes_NA_1646_27486399564__b.jpg
picture49,https://raw.githubusercontent.com/kampax/Train_Data/refs/heads/main/Fauna_Flora/aiguestortes_NA_1646_27645183643__b.jpg
picture50,https://raw.githubusercontent.com/kampax/Train_Data/refs/heads/main/Fauna_Flora/aiguestortes_NA_1646_29449158992__b.jpg
picture51,https://raw.githubusercontent.com/kampax/Train_Data/refs/heads/main/Fauna_Flora/aiguestortes_NA_2807_29391085876__b.jpg
picture52,https://raw.githubusercontent.com/kampax/Train_Data/refs/heads/main/Fauna_Flora/aiguestortes_NA_3014_29162688591__b.jpg
picture53,https://raw.githubusercontent.com/kampax/Train_Data/refs/heads/main/Fauna_Flora/aiguestortes_NA_3322_22082257856__b.jpg
picture54,https://raw.githubusercontent.com/kampax/Train_Data/refs/heads/main/Fauna_Flora/aiguestortes_NA_4103_34494535174__b.jpg
picture55,https://raw.githubusercontent.com/kampax/Train_Data/refs/heads/main/Fauna_Flora/aiguestortes_NA_4316_48537875051__b.jpg
picture56,https://raw.githubusercontent.com/kampax/Train_Data/refs/heads/main/Fauna_Flora/aiguestortes_NA_4316_49649005582__b.jpg
picture57,https://raw.githubusercontent.com/kampax/Train_Data/refs/heads/main/Fauna_Flora/aiguestortes_NA_4458_39536197624__b.jpg
picture58,https://raw.githubusercontent.com/kampax/Train_Data/refs/heads/main/Fauna_Flora/aiguestortes_NA_4530_22285459092__b.jpg
picture59,https://raw.githubusercontent.com/kampax/Train_Data/refs/heads/main/Fauna_Flora/aiguestortes_NA_4530_31322036067__b.jpg
picture60,https://raw.githubusercontent.com/kampax/Train_Data/refs/heads/main/Fauna_Flora/aiguestortes_NA_4531_16560622462__b.jpg
picture61,https://raw.githubusercontent.com/kampax/Train_Data/refs/heads/main/Fauna_Flora/aiguestortes_NA_4531_24393122980__b.jpg
picture62,https://raw.githubusercontent.com/kampax/Train_Data/refs/heads/main/Fauna_Flora/aiguestortes_NA_4531_50416980428__b.jpg
picture63,https://raw.githubusercontent.com/kampax/Train_Data/refs/heads/main/Fauna_Flora/aiguestortes_NA_4531_50785605258__b.jpg
picture64,https://raw.githubusercontent.com/kampax/Train_Data/refs/heads/main/Fauna_Flora/aiguestortes_NA_4779_51534400886__b.jpg
picture65,https://raw.githubusercontent.com/kampax/Train_Data/refs/heads/main/Fauna_Flora/guadarrama_1_407382_1064123138412343298_image_DsSGVN5X4AAIXgx.jpg
picture66,https://raw.githubusercontent.com/kampax/Train_Data/refs/heads/main/Fauna_Flora/guadarrama_NA_1030_52617576852__b.jpg
picture67,https://raw.githubusercontent.com/kampax/Train_Data/refs/heads/main/Fauna_Flora/guadarrama_NA_1030_52680686822__b.jpg
picture68,https://raw.githubusercontent.com/kampax/Train_Data/refs/heads/main/Fauna_Flora/guadarrama_NA_1030_52681488624__b.jpg
picture69,https://raw.githubusercontent.com/kampax/Train_Data/refs/heads/main/Fauna_Flora/guadarrama_NA_1448_28556683567__b.jpg
picture70,https://raw.githubusercontent.com/kampax/Train_Data/refs/heads/main/Fauna_Flora/guadarrama_NA_1448_28561373537__b.jpg
picture71,https://raw.githubusercontent.com/kampax/Train_Data/refs/heads/main/Fauna_Flora/guadarrama_NA_1448_42693041345__b.jpg
picture72,https://raw.githubusercontent.com/kampax/Train_Data/refs/heads/main/Fauna_Flora/guadarrama_NA_1448_43597621031__b.jpg
picture73,https://raw.githubusercontent.com/kampax/Train_Data/refs/heads/main/Fauna_Flora/guadarrama_NA_1688_51989239357__b.jpg
picture74,https://raw.githubusercontent.com/kampax/Train_Data/refs/heads/main/Fauna_Flora/ordesa_1_289664_555318419189673984_image_B7TjKOxIIAALguT.jpg
picture75,https://raw.githubusercontent.com/kampax/Train_Data/refs/heads/main/Fauna_Flora/ordesa_2_188644_1535899098942930945_image_FVCcDBFWUAEPTP0.jpg
picture76,https://raw.githubusercontent.com/kampax/Train_Data/refs/heads/main/Fauna_Flora/ordesa_2_188644_1535899098942930945_image_FVCcDByXoAMTP_3.jpg
picture77,https://raw.githubusercontent.com/kampax/Train_Data/refs/heads/main/Fauna_Flora/ordesa_2_226140_996877255510020096_image_DdWelCiXcAE1daQ.jpg
picture78,https://raw.githubusercontent.com/kampax/Train_Data/refs/heads/main/Fauna_Flora/ordesa_2_409294_1415404286960308226_image_E6SGnKtXEAUXds9.jpg
picture79,https://raw.githubusercontent.com/kampax/Train_Data/refs/heads/main/Fauna_Flora/ordesa_2_409294_1415404286960308226_image_E6SGp2GWUAgyqyp.jpg
picture80,https://raw.githubusercontent.com/kampax/Train_Data/refs/heads/main/Fauna_Flora/ordesa_3_135310_1421786600623718404_image_E7szVo_WUAAiQuJ.jpg
picture81,https://raw.githubusercontent.com/kampax/Train_Data/refs/heads/main/Fauna_Flora/ordesa_3_135310_1566503155143155713_image_Fb1WTwiX0AE8qsI.jpg
picture82,https://raw.githubusercontent.com/kampax/Train_Data/refs/heads/main/Fauna_Flora/ordesa_3_94886_1371875081085988864_image_EwnhGwuXEAQba9d.jpg
picture83,https://raw.githubusercontent.com/kampax/Train_Data/refs/heads/main/Fauna_Flora/ordesa_5_246762_1551183692256657408_image_FYbpVy2XoAIaScr.jpg
picture84,https://raw.githubusercontent.com/kampax/Train_Data/refs/heads/main/Fauna_Flora/ordesa_5_299870_1270388180878008320_image_EaFTSjMWsAITw4S.jpg
picture85,https://raw.githubusercontent.com/kampax/Train_Data/refs/heads/main/Fauna_Flora/peneda_1_306967_1458527704253444097_image_FD27NTtWYAMtGNg.jpg
picture86,https://raw.githubusercontent.com/kampax/Train_Data/refs/heads/main/Fauna_Flora/peneda_1_343086_1424057011285676032_image_E8NESlKXMAs15gj.jpg
picture87,https://raw.githubusercontent.com/kampax/Train_Data/refs/heads/main/Fauna_Flora/peneda_1_343086_1440052942623576078_image_E_wYgZfVIA8L3O7.jpg
picture88,https://raw.githubusercontent.com/kampax/Train_Data/refs/heads/main/Fauna_Flora/peneda_1_343086_1441676351254118404_image_FAHc_wqVgAEhMJ4.jpg
picture89,https://raw.githubusercontent.com/kampax/Train_Data/refs/heads/main/Fauna_Flora/peneda_1_343086_1441681373064876039_image_FAHhjznXsAMH3s5.jpg
picture90,https://raw.githubusercontent.com/kampax/Train_Data/refs/heads/main/Fauna_Flora/peneda_1_343086_709115054155833346_image_CddIXFfWEAILX4l.jpg
picture91,https://raw.githubusercontent.com/kampax/Train_Data/refs/heads/main/Fauna_Flora/peneda_2_235009_883430465809645569_image_DEKTTfcXsAAXchl.jpg
picture92,https://raw.githubusercontent.com/kampax/Train_Data/refs/heads/main/Fauna_Flora/peneda_2_235009_883430465809645569_image_DEKTTfTXUAI3dS1.jpg
picture93,https://raw.githubusercontent.com/kampax/Train_Data/refs/heads/main/Fauna_Flora/picos_1_326635_575679374260834304_image_B_05Vv9XAAAF2HT.jpg
picture94,https://raw.githubusercontent.com/kampax/Train_Data/refs/heads/main/Fauna_Flora/picos_1_326635_895245952453398529_image_DGyNcSuXcAEXO4p.jpg
picture95,https://raw.githubusercontent.com/kampax/Train_Data/refs/heads/main/Fauna_Flora/picos_1_329254_1150394647300251649_image_D_cDmv8WwAgOM-Q.jpg
picture96,https://raw.githubusercontent.com/kampax/Train_Data/refs/heads/main/Fauna_Flora/picos_1_329254_1150394647300251649_image_D_cFyUvWkAEs66A.jpg
picture97,https://raw.githubusercontent.com/kampax/Train_Data/refs/heads/main/Fauna_Flora/picos_1_368252_1297939601336807424_image_EgM1MCYX0AEB1G3.jpg
picture98,https://raw.githubusercontent.com/kampax/Train_Data/refs/heads/main/Fauna_Flora/picos_1_424866_609715665696591872_image_CHYlGi7VAAAOdpM.jpg
picture99,https://raw.githubusercontent.com/kampax/Train_Data/refs/heads/main/Fauna_Flora/picos_1_490190_1154467449720455168_image_EAV99RCWwAAL7w8.jpg
picture100,https://raw.githubusercontent.com/kampax/Train_Data/refs/heads/main/Fauna_Flora/picos_1_513587_1290691012713680896_image_Eel0oBMXkAYYBt5.jpg
picture101,https://raw.githubusercontent.com/kampax/Train_Data/refs/heads/main/Fauna_Flora/snev_NA_1408_53506114776__b.jpg
picture102,https://raw.githubusercontent.com/kampax/Train_Data/refs/heads/main/Fauna_Flora/snev_NA_1506_53518698824__b.jpg
picture103,https://raw.githubusercontent.com/kampax/Train_Data/refs/heads/main/Fauna_Flora/snev_NA_1603_53691783159__b.jpg
picture104,https://raw.githubusercontent.com/kampax/Train_Data/refs/heads/main/Fauna_Flora/snev_NA_1783_53665282774__b.jpg
picture105,https://raw.githubusercontent.com/kampax/Train_Data/refs/heads/main/Fauna_Flora/snev_NA_2100_52794729379__b.jpg
picture106,https://raw.githubusercontent.com/kampax/Train_Data/refs/heads/main/Fauna_Flora/snev_NA_2100_52950437568__b.jpg
picture107,https://raw.githubusercontent.com/kampax/Train_Data/refs/heads/main/Fauna_Flora/snev_NA_2100_52983089872__b.jpg
picture108,https://raw.githubusercontent.com/kampax/Train_Data/refs/heads/main/Fauna_Flora/snev_NA_3360_53095805920__b.jpg
picture109,https://raw.githubusercontent.com/kampax/Train_Data/refs/heads/main/Fauna_Flora/snev_NA_3361_52999458852__b.jpg
picture110,https://raw.githubusercontent.com/kampax/Train_Data/refs/heads/main/Fauna_Flora/snev_NA_646_53623173958__b.jpg
picture111,https://raw.githubusercontent.com/kampax/Train_Data/refs/heads/main/Fauna_Flora/snev_NA_6898_52855823675__b.jpg
picture112,https://raw.githubusercontent.com/kampax/Train_Data/refs/heads/main/Fauna_Flora/snev_NA_6898_52855880808__b.jpg
picture113,https://raw.githubusercontent.com/kampax/Train_Data/refs/heads/main/Gastronomy/16748429757.jpg
picture114,https://raw.githubusercontent.com/kampax/Train_Data/refs/heads/main/Gastronomy/17590473384.jpg
picture115,https://raw.githubusercontent.com/kampax/Train_Data/refs/heads/main/Gastronomy/1843940935.jpg
picture116,https://raw.githubusercontent.com/kampax/Train_Data/refs/heads/main/Gastronomy/20498164588.jpg
picture117,https://raw.githubusercontent.com/kampax/Train_Data/refs/heads/main/Gastronomy/2134564411.jpg
picture118,https://raw.githubusercontent.com/kampax/Train_Data/refs/heads/main/Gastronomy/23173342474.jpg
picture119,https://raw.githubusercontent.com/kampax/Train_Data/refs/heads/main/Gastronomy/25444451341.jpg
picture120,https://raw.githubusercontent.com/kampax/Train_Data/refs/heads/main/Gastronomy/3999817857.jpg
picture121,https://raw.githubusercontent.com/kampax/Train_Data/refs/heads/main/Gastronomy/5143540019.jpg
picture122,https://raw.githubusercontent.com/kampax/Train_Data/refs/heads/main/Gastronomy/5547921397.jpg
picture123,https://raw.githubusercontent.com/kampax/Train_Data/refs/heads/main/Gastronomy/5918993653.jpg
picture124,https://raw.githubusercontent.com/kampax/Train_Data/refs/heads/main/Gastronomy/7598948890.jpg
picture125,https://raw.githubusercontent.com/kampax/Train_Data/refs/heads/main/Gastronomy/9706222005.jpg
picture126,https://raw.githubusercontent.com/kampax/Train_Data/refs/heads/main/Gastronomy/aiguestortes_NA_1553_49704457123__b.jpg
picture127,https://raw.githubusercontent.com/kampax/Train_Data/refs/heads/main/Gastronomy/aiguestortes_NA_1553_49705308072__b.jpg
picture128,https://raw.githubusercontent.com/kampax/Train_Data/refs/heads/main/Gastronomy/aiguestortes_NA_1619_28254834614__b.jpg
picture129,https://raw.githubusercontent.com/kampax/Train_Data/refs/heads/main/Gastronomy/aiguestortes_NA_1619_28796105081__b.jpg
picture130,https://raw.githubusercontent.com/kampax/Train_Data/refs/heads/main/Gastronomy/aiguestortes_NA_1619_28872141055__b.jpg
picture131,https://raw.githubusercontent.com/kampax/Train_Data/refs/heads/main/Gastronomy/aiguestortes_NA_1619_28872141475__b.jpg
picture132,https://raw.githubusercontent.com/kampax/Train_Data/refs/heads/main/Gastronomy/aiguestortes_NA_1619_32149396937__b.jpg
picture133,https://raw.githubusercontent.com/kampax/Train_Data/refs/heads/main/Gastronomy/aiguestortes_NA_1619_33676772871__b.jpg
picture134,https://raw.githubusercontent.com/kampax/Train_Data/refs/heads/main/Gastronomy/aiguestortes_NA_3414_20678138672__b.jpg
picture135,https://raw.githubusercontent.com/kampax/Train_Data/refs/heads/main/Gastronomy/aiguestortes_NA_3934_51438262507__b.jpg
picture136,https://raw.githubusercontent.com/kampax/Train_Data/refs/heads/main/Gastronomy/aiguestortes_NA_3934_51438262692__b.jpg
picture137,https://raw.githubusercontent.com/kampax/Train_Data/refs/heads/main/Gastronomy/aiguestortes_NA_3934_51439014916__b.jpg
picture138,https://raw.githubusercontent.com/kampax/Train_Data/refs/heads/main/Gastronomy/aiguestortes_NA_3934_51439017051__b.jpg
picture139,https://raw.githubusercontent.com/kampax/Train_Data/refs/heads/main/Gastronomy/granada_NA_1036_16552056024__b.jpg
picture140,https://raw.githubusercontent.com/kampax/Train_Data/refs/heads/main/Gastronomy/granada_NA_1460_48361689447__b.jpg
picture141,https://raw.githubusercontent.com/kampax/Train_Data/refs/heads/main/Gastronomy/granada_NA_1460_49101463488__b.jpg
picture142,https://raw.githubusercontent.com/kampax/Train_Data/refs/heads/main/Gastronomy/granada_NA_1513_30940686051__b.jpg
picture143,https://raw.githubusercontent.com/kampax/Train_Data/refs/heads/main/Gastronomy/granada_NA_1513_30941180401__b.jpg
picture144,https://raw.githubusercontent.com/kampax/Train_Data/refs/heads/main/Gastronomy/granada_NA_1514_16038631257__b.jpg
picture145,https://raw.githubusercontent.com/kampax/Train_Data/refs/heads/main/Gastronomy/granada_NA_1515_26332274000__b.jpg
picture146,https://raw.githubusercontent.com/kampax/Train_Data/refs/heads/main/Gastronomy/granada_NA_1515_26496426172__b.jpg
picture147,https://raw.githubusercontent.com/kampax/Train_Data/refs/heads/main/Gastronomy/granada_NA_1515_29492555041__b.jpg
picture148,https://raw.githubusercontent.com/kampax/Train_Data/refs/heads/main/Gastronomy/granada_NA_1515_31856323667__b.jpg
picture149,https://raw.githubusercontent.com/kampax/Train_Data/refs/heads/main/Gastronomy/granada_NA_1515_33769239460__b.jpg
picture150,https://raw.githubusercontent.com/kampax/Train_Data/refs/heads/main/Gastronomy/granada_NA_1516_24030347533__b.jpg
picture151,https://raw.githubusercontent.com/kampax/Train_Data/refs/heads/main/Gastronomy/granada_NA_1516_24030347833__b.jpg
picture152,https://raw.githubusercontent.com/kampax/Train_Data/refs/heads/main/Gastronomy/granada_NA_1516_24289427919__b.jpg
picture153,https://raw.githubusercontent.com/kampax/Train_Data/refs/heads/main/Gastronomy/granada_NA_1516_24361611900__b.jpg
picture154,https://raw.githubusercontent.com/kampax/Train_Data/refs/heads/main/Gastronomy/granada_NA_1567_48044792733__b.jpg
picture155,https://raw.githubusercontent.com/kampax/Train_Data/refs/heads/main/Gastronomy/granada_NA_1567_48044793863__b.jpg
picture156,https://raw.githubusercontent.com/kampax/Train_Data/refs/heads/main/Gastronomy/granada_NA_1568_19218019881__b.jpg
picture157,https://raw.githubusercontent.com/kampax/Train_Data/refs/heads/main/Gastronomy/granada_NA_1569_16495160525__b.jpg
picture158,https://raw.githubusercontent.com/kampax/Train_Data/refs/heads/main/Gastronomy/granada_NA_1569_18238955241__b.jpg
picture159,https://raw.githubusercontent.com/kampax/Train_Data/refs/heads/main/Gastronomy/granada_NA_1569_26998964242__b.jpg
picture160,https://raw.githubusercontent.com/kampax/Train_Data/refs/heads/main/Gastronomy/granada_NA_1569_27288491291__b.jpg
picture161,https://raw.githubusercontent.com/kampax/Train_Data/refs/heads/main/Gastronomy/granada_NA_1569_27289540621__b.jpg
picture162,https://raw.githubusercontent.com/kampax/Train_Data/refs/heads/main/Gastronomy/granada_NA_1569_27326672876__b.jpg
picture163,https://raw.githubusercontent.com/kampax/Train_Data/refs/heads/main/Gastronomy/granada_NA_1569_28251973500__b.jpg
picture164,https://raw.githubusercontent.com/kampax/Train_Data/refs/heads/main/Gastronomy/granada_NA_1569_28503898666__b.jpg
picture165,https://raw.githubusercontent.com/kampax/Train_Data/refs/heads/main/Gastronomy/granada_NA_1569_31073361172__b.jpg
picture166,https://raw.githubusercontent.com/kampax/Train_Data/refs/heads/main/Gastronomy/granada_NA_1569_36701251353__b.jpg
picture167,https://raw.githubusercontent.com/kampax/Train_Data/refs/heads/main/Gastronomy/granada_NA_1569_36708244584__b.jpg
picture168,https://raw.githubusercontent.com/kampax/Train_Data/refs/heads/main/Gastronomy/granada_NA_1569_36708247034__b.jpg
picture169,https://raw.githubusercontent.com/kampax/Train_Data/refs/heads/main/Gastronomy/granada_NA_1569_37153437220__b.jpg
picture170,https://raw.githubusercontent.com/kampax/Train_Data/refs/heads/main/Gastronomy/granada_NA_1569_37160465650__b.jpg
picture171,https://raw.githubusercontent.com/kampax/Train_Data/refs/heads/main/Gastronomy/granada_NA_1569_37341035666__b.jpg
picture172,https://raw.githubusercontent.com/kampax/Train_Data/refs/heads/main/Gastronomy/granada_NA_1569_37999443504__b.jpg
picture173,https://raw.githubusercontent.com/kampax/Train_Data/refs/heads/main/Gastronomy/granada_NA_1569_40457880732__b.jpg
picture174,https://raw.githubusercontent.com/kampax/Train_Data/refs/heads/main/Gastronomy/granada_NA_1569_46120381524__b.jpg
picture175,https://raw.githubusercontent.com/kampax/Train_Data/refs/heads/main/Gastronomy/granada_NA_1569_48605772306__b.jpg
picture176,https://raw.githubusercontent.com/kampax/Train_Data/refs/heads/main/Gastronomy/granada_NA_1569_48611635383__b.jpg
picture177,https://raw.githubusercontent.com/kampax/Train_Data/refs/heads/main/Gastronomy/guadarrama_1_318396_1457001597314256902_image_FDhPOh4XMAMVtSn.jpg
picture178,https://raw.githubusercontent.com/kampax/Train_Data/refs/heads/main/Gastronomy/guadarrama_NA_1597_17695304194__b.jpg
picture179,https://raw.githubusercontent.com/kampax/Train_Data/refs/heads/main/Gastronomy/guadarrama_NA_1935_15947164214__b.jpg
picture180,https://raw.githubusercontent.com/kampax/Train_Data/refs/heads/main/Gastronomy/guadarrama_NA_1935_16481511903__b.jpg
picture181,https://raw.githubusercontent.com/kampax/Train_Data/refs/heads/main/Gastronomy/guadarrama_NA_1935_17101667665__b.jpg
picture182,https://raw.githubusercontent.com/kampax/Train_Data/refs/heads/main/Gastronomy/guadarrama_NA_1935_17521870249__b.jpg
picture183,https://raw.githubusercontent.com/kampax/Train_Data/refs/heads/main/Gastronomy/guadarrama_NA_1935_17705629892__b.jpg
picture184,https://raw.githubusercontent.com/kampax/Train_Data/refs/heads/main/Gastronomy/guadarrama_NA_1935_17708146555__b.jpg
picture185,https://raw.githubusercontent.com/kampax/Train_Data/refs/heads/main/Gastronomy/guadarrama_NA_1935_51979629036__b.jpg
picture186,https://raw.githubusercontent.com/kampax/Train_Data/refs/heads/main/Gastronomy/guadarrama_NA_2057_17130644837__b.jpg
picture187,https://raw.githubusercontent.com/kampax/Train_Data/refs/heads/main/Gastronomy/guadarrama_NA_2057_26039046803__b.jpg
picture188,https://raw.githubusercontent.com/kampax/Train_Data/refs/heads/main/Gastronomy/ordesa_2_188644_1007727526163120129_image_Dfwq1XrXUAE5sob.jpg
picture189,https://raw.githubusercontent.com/kampax/Train_Data/refs/heads/main/Gastronomy/ordesa_2_188644_676046638490718208_image_CWHMlmzWIAU9hfs.jpg
picture190,https://raw.githubusercontent.com/kampax/Train_Data/refs/heads/main/Gastronomy/ordesa_5_202352_1310234674766241792_image_Ei7jfCWXsAAsyEj.jpg
picture191,https://raw.githubusercontent.com/kampax/Train_Data/refs/heads/main/Gastronomy/peneda_1_305170_1476178885918212102_image_FHxw2kVXwAgkXae.jpg
picture192,https://raw.githubusercontent.com/kampax/Train_Data/refs/heads/main/Gastronomy/peneda_1_306967_1344389280903409666_image_Eqg6yeeW8AEw9ft.jpg
picture193,https://raw.githubusercontent.com/kampax/Train_Data/refs/heads/main/Gastronomy/peneda_1_306967_1543561855800582148_image_FWvVU72WQAAG5Tz.jpg
picture194,https://raw.githubusercontent.com/kampax/Train_Data/refs/heads/main/Gastronomy/peneda_1_343086_1315026742873030656_image_Ej_p0eaXkAIVjX_.jpg
picture195,https://raw.githubusercontent.com/kampax/Train_Data/refs/heads/main/Gastronomy/peneda_1_343086_1439578992995147778_image_E_ppdQmWEAMCbjk.jpg
picture196,https://raw.githubusercontent.com/kampax/Train_Data/refs/heads/main/Gastronomy/peneda_1_343086_1439580545516773386_image_E_pq3z6WUAIOa76.jpg
picture197,https://raw.githubusercontent.com/kampax/Train_Data/refs/heads/main/Gastronomy/peneda_1_343086_1439582331929497606_image_E_psftaXsAYC5JT.jpg
picture198,https://raw.githubusercontent.com/kampax/Train_Data/refs/heads/main/Gastronomy/peneda_1_343086_1441736446168031233_image_FAITpjAXoAAl_4c.jpg
picture199,https://raw.githubusercontent.com/kampax/Train_Data/refs/heads/main/Gastronomy/peneda_1_343086_1444644346939256837_image_FAxoXuEXIAECkcf.jpg
picture200,https://raw.githubusercontent.com/kampax/Train_Data/refs/heads/main/Gastronomy/peneda_1_343086_1530510561112477697_image_FT13PDtXwAAVi9a.jpg
picture201,https://raw.githubusercontent.com/kampax/Train_Data/refs/heads/main/Gastronomy/peneda_1_343086_768824470450606081_image_CqtprJlWIAENDDt.jpg
picture202,https://raw.githubusercontent.com/kampax/Train_Data/refs/heads/main/Gastronomy/peneda_1_373660_1566067862401417216_image_FbvKaQsXwAE-Wtx.jpg
picture203,https://raw.githubusercontent.com/kampax/Train_Data/refs/heads/main/Gastronomy/peneda_1_393104_1562442460777054209_image_Fa7pIXFVsAA7MR0.jpg
picture204,https://raw.githubusercontent.com/kampax/Train_Data/refs/heads/main/Gastronomy/peneda_1_539861_1598770798566821888_image_Fi_5jt3WQAA40Tc.jpg
picture205,https://raw.githubusercontent.com/kampax/Train_Data/refs/heads/main/Gastronomy/peneda_1_539861_1598770798566821888_image_Fi_5kWwXEA490iq.jpg
picture206,https://raw.githubusercontent.com/kampax/Train_Data/refs/heads/main/Gastronomy/peneda_2_183870_1547563742426062849_image_FXoM-AbVQAA6hEH.jpg
picture207,https://raw.githubusercontent.com/kampax/Train_Data/refs/heads/main/Gastronomy/peneda_2_183870_1547563742426062849_image_FXoM_ShUsAIXZ_A.jpg
picture208,https://raw.githubusercontent.com/kampax/Train_Data/refs/heads/main/Gastronomy/peneda_2_183870_1547563742426062849_image_FXoNAXHUEAQp-Xh.jpg
picture209,https://raw.githubusercontent.com/kampax/Train_Data/refs/heads/main/Gastronomy/peneda_2_189266_1548418140618444800_image_FX0WFOnUIAcwPHc.jpg
picture210,https://raw.githubusercontent.com/kampax/Train_Data/refs/heads/main/Gastronomy/peneda_2_235009_1097144414215069697_image_DznW_bfXcAEg1vz.jpg
picture211,https://raw.githubusercontent.com/kampax/Train_Data/refs/heads/main/Gastronomy/peneda_2_235009_1230792454150008841_image_ERSnNTtWsAA2ebT.jpg
picture212,https://raw.githubusercontent.com/kampax/Train_Data/refs/heads/main/Gastronomy/peneda_2_235009_827857511797624832_image_C30kAPWWAAAODQs.jpg
picture213,https://raw.githubusercontent.com/kampax/Train_Data/refs/heads/main/Gastronomy/picos_1_330090_1008446598630789120_image_Df641kiXUAAd0Tn.jpg
picture214,https://raw.githubusercontent.com/kampax/Train_Data/refs/heads/main/Gastronomy/picos_1_448402_1290371010433363970_image_EehRkuOXsAAYkjo.jpg
picture215,https://raw.githubusercontent.com/kampax/Train_Data/refs/heads/main/Gastronomy/picos_1_448402_1290371010433363970_image_EehRkuPXoAAqLoH.jpg
picture216,https://raw.githubusercontent.com/kampax/Train_Data/refs/heads/main/Gastronomy/picos_1_489325_1278461406946430976_image_Eb4B3bDWoAAyME_.jpg
picture217,https://raw.githubusercontent.com/kampax/Train_Data/refs/heads/main/Gastronomy/picos_1_489325_1278461406946430976_image_Eb4B3bQWkAAd1H8.jpg
picture218,https://raw.githubusercontent.com/kampax/Train_Data/refs/heads/main/Gastronomy/snev_NA_1410_52923518921__b.jpg
picture219,https://raw.githubusercontent.com/kampax/Train_Data/refs/heads/main/Gastronomy/snev_NA_1410_53325043063__b.jpg
picture220,https://raw.githubusercontent.com/kampax/Train_Data/refs/heads/main/Gastronomy/snev_NA_1508_52677789415__b.jpg
picture221,https://raw.githubusercontent.com/kampax/Train_Data/refs/heads/main/Gastronomy/snev_NA_1508_53305949084__b.jpg
picture222,https://raw.githubusercontent.com/kampax/Train_Data/refs/heads/main/Gastronomy/snev_NA_1508_53540520451__b.jpg
picture223,https://raw.githubusercontent.com/kampax/Train_Data/refs/heads/main/Gastronomy/snev_NA_1508_53540943815__b.jpg
picture224,https://raw.githubusercontent.com/kampax/Train_Data/refs/heads/main/Gastronomy/snev_NA_1508_53540943840__b.jpg
picture225,https://raw.githubusercontent.com/kampax/Train_Data/refs/heads/main/Urban_Rural/10460621504.jpg
picture226,https://raw.githubusercontent.com/kampax/Train_Data/refs/heads/main/Urban_Rural/10520496056.jpg
picture227,https://raw.githubusercontent.com/kampax/Train_Data/refs/heads/main/Urban_Rural/10809414443.jpg
picture228,https://raw.githubusercontent.com/kampax/Train_Data/refs/heads/main/Urban_Rural/10940773136.jpg
picture229,https://raw.githubusercontent.com/kampax/Train_Data/refs/heads/main/Urban_Rural/11671814735.jpg
picture230,https://raw.githubusercontent.com/kampax/Train_Data/refs/heads/main/Urban_Rural/12086035304.jpg
picture231,https://raw.githubusercontent.com/kampax/Train_Data/refs/heads/main/Urban_Rural/12349056745.jpg
picture232,https://raw.githubusercontent.com/kampax/Train_Data/refs/heads/main/Urban_Rural/12383415163.jpg
picture233,https://raw.githubusercontent.com/kampax/Train_Data/refs/heads/main/Urban_Rural/13664649045.jpg
picture234,https://raw.githubusercontent.com/kampax/Train_Data/refs/heads/main/Urban_Rural/13743182995.jpg
picture235,https://raw.githubusercontent.com/kampax/Train_Data/refs/heads/main/Urban_Rural/13992749717.jpg
picture236,https://raw.githubusercontent.com/kampax/Train_Data/refs/heads/main/Urban_Rural/14096993620.jpg
picture237,https://raw.githubusercontent.com/kampax/Train_Data/refs/heads/main/Urban_Rural/14742565259.jpg
picture238,https://raw.githubusercontent.com/kampax/Train_Data/refs/heads/main/Urban_Rural/15092844284.jpg
picture239,https://raw.githubusercontent.com/kampax/Train_Data/refs/heads/main/Urban_Rural/15203261111.jpg
picture240,https://raw.githubusercontent.com/kampax/Train_Data/refs/heads/main/Urban_Rural/15455154893.jpg
picture241,https://raw.githubusercontent.com/kampax/Train_Data/refs/heads/main/Urban_Rural/15475577520.jpg
picture242,https://raw.githubusercontent.com/kampax/Train_Data/refs/heads/main/Urban_Rural/15552858488.jpg
picture243,https://raw.githubusercontent.com/kampax/Train_Data/refs/heads/main/Urban_Rural/15576564732.jpg
picture244,https://raw.githubusercontent.com/kampax/Train_Data/refs/heads/main/Urban_Rural/15644678256.jpg
picture245,https://raw.githubusercontent.com/kampax/Train_Data/refs/heads/main/Urban_Rural/16484509484.jpg
picture246,https://raw.githubusercontent.com/kampax/Train_Data/refs/heads/main/Urban_Rural/16981118958.jpg
picture247,https://raw.githubusercontent.com/kampax/Train_Data/refs/heads/main/Urban_Rural/16994636907.jpg
picture248,https://raw.githubusercontent.com/kampax/Train_Data/refs/heads/main/Urban_Rural/17719592369.jpg
picture249,https://raw.githubusercontent.com/kampax/Train_Data/refs/heads/main/Urban_Rural/18078709725.jpg
picture250,https://raw.githubusercontent.com/kampax/Train_Data/refs/heads/main/Urban_Rural/18102875606.jpg
picture251,https://raw.githubusercontent.com/kampax/Train_Data/refs/heads/main/Urban_Rural/18892464530.jpg
picture252,https://raw.githubusercontent.com/kampax/Train_Data/refs/heads/main/Urban_Rural/1931164006.jpg
picture253,https://raw.githubusercontent.com/kampax/Train_Data/refs/heads/main/Urban_Rural/19574857001.jpg
picture254,https://raw.githubusercontent.com/kampax/Train_Data/refs/heads/main/Urban_Rural/2056170462.jpg
picture255,https://raw.githubusercontent.com/kampax/Train_Data/refs/heads/main/Urban_Rural/20733389551.jpg
picture256,https://raw.githubusercontent.com/kampax/Train_Data/refs/heads/main/Urban_Rural/20737258876.jpg
picture257,https://raw.githubusercontent.com/kampax/Train_Data/refs/heads/main/Urban_Rural/20813616528.jpg
picture258,https://raw.githubusercontent.com/kampax/Train_Data/refs/heads/main/Urban_Rural/2090206236.jpg
picture259,https://raw.githubusercontent.com/kampax/Train_Data/refs/heads/main/Urban_Rural/22233128039.jpg
picture260,https://raw.githubusercontent.com/kampax/Train_Data/refs/heads/main/Urban_Rural/2266887190.jpg
picture261,https://raw.githubusercontent.com/kampax/Train_Data/refs/heads/main/Urban_Rural/23085402461.jpg
picture262,https://raw.githubusercontent.com/kampax/Train_Data/refs/heads/main/Urban_Rural/23219330009.jpg
picture263,https://raw.githubusercontent.com/kampax/Train_Data/refs/heads/main/Urban_Rural/24476241034.jpg
picture264,https://raw.githubusercontent.com/kampax/Train_Data/refs/heads/main/Urban_Rural/24479990783.jpg
picture265,https://raw.githubusercontent.com/kampax/Train_Data/refs/heads/main/Urban_Rural/24651464870.jpg
picture266,https://raw.githubusercontent.com/kampax/Train_Data/refs/heads/main/Urban_Rural/2528701257.jpg
picture267,https://raw.githubusercontent.com/kampax/Train_Data/refs/heads/main/Urban_Rural/25685905521.jpg
picture268,https://raw.githubusercontent.com/kampax/Train_Data/refs/heads/main/Urban_Rural/2635391613.jpg
picture269,https://raw.githubusercontent.com/kampax/Train_Data/refs/heads/main/Urban_Rural/27804012380.jpg
picture270,https://raw.githubusercontent.com/kampax/Train_Data/refs/heads/main/Urban_Rural/28580799241.jpg
picture271,https://raw.githubusercontent.com/kampax/Train_Data/refs/heads/main/Urban_Rural/28801121922.jpg
picture272,https://raw.githubusercontent.com/kampax/Train_Data/refs/heads/main/Urban_Rural/2983803003.jpg
picture273,https://raw.githubusercontent.com/kampax/Train_Data/refs/heads/main/Urban_Rural/3212317541.jpg
picture274,https://raw.githubusercontent.com/kampax/Train_Data/refs/heads/main/Urban_Rural/3223986258.jpg
picture275,https://raw.githubusercontent.com/kampax/Train_Data/refs/heads/main/Urban_Rural/3237806650.jpg
picture276,https://raw.githubusercontent.com/kampax/Train_Data/refs/heads/main/Urban_Rural/32521601195.jpg
picture277,https://raw.githubusercontent.com/kampax/Train_Data/refs/heads/main/Urban_Rural/3253763514.jpg
picture278,https://raw.githubusercontent.com/kampax/Train_Data/refs/heads/main/Urban_Rural/33424378354.jpg
picture279,https://raw.githubusercontent.com/kampax/Train_Data/refs/heads/main/Urban_Rural/3365930896.jpg
picture280,https://raw.githubusercontent.com/kampax/Train_Data/refs/heads/main/Urban_Rural/3781549700.jpg
picture281,https://raw.githubusercontent.com/kampax/Train_Data/refs/heads/main/Urban_Rural/3789718920.jpg
picture282,https://raw.githubusercontent.com/kampax/Train_Data/refs/heads/main/Urban_Rural/3983873267.jpg
picture283,https://raw.githubusercontent.com/kampax/Train_Data/refs/heads/main/Urban_Rural/4262939988.jpg
picture284,https://raw.githubusercontent.com/kampax/Train_Data/refs/heads/main/Urban_Rural/4487464067.jpg
picture285,https://raw.githubusercontent.com/kampax/Train_Data/refs/heads/main/Urban_Rural/4488110822.jpg
picture286,https://raw.githubusercontent.com/kampax/Train_Data/refs/heads/main/Urban_Rural/4634480533.jpg
picture287,https://raw.githubusercontent.com/kampax/Train_Data/refs/heads/main/Urban_Rural/5037849777.jpg
picture288,https://raw.githubusercontent.com/kampax/Train_Data/refs/heads/main/Urban_Rural/5184729435.jpg
picture289,https://raw.githubusercontent.com/kampax/Train_Data/refs/heads/main/Urban_Rural/5267827799.jpg
picture290,https://raw.githubusercontent.com/kampax/Train_Data/refs/heads/main/Urban_Rural/5417539067.jpg
picture291,https://raw.githubusercontent.com/kampax/Train_Data/refs/heads/main/Urban_Rural/542519496.jpg
picture292,https://raw.githubusercontent.com/kampax/Train_Data/refs/heads/main/Urban_Rural/5462074295.jpg
picture293,https://raw.githubusercontent.com/kampax/Train_Data/refs/heads/main/Urban_Rural/5484820073.jpg
picture294,https://raw.githubusercontent.com/kampax/Train_Data/refs/heads/main/Urban_Rural/5563901376.jpg
picture295,https://raw.githubusercontent.com/kampax/Train_Data/refs/heads/main/Urban_Rural/5666289972.jpg
picture296,https://raw.githubusercontent.com/kampax/Train_Data/refs/heads/main/Urban_Rural/5849097109.jpg
picture297,https://raw.githubusercontent.com/kampax/Train_Data/refs/heads/main/Urban_Rural/5954134288.jpg
picture298,https://raw.githubusercontent.com/kampax/Train_Data/refs/heads/main/Urban_Rural/6084982231.jpg
picture299,https://raw.githubusercontent.com/kampax/Train_Data/refs/heads/main/Urban_Rural/6201363071.jpg
picture300,https://raw.githubusercontent.com/kampax/Train_Data/refs/heads/main/Urban_Rural/6243115801.jpg
picture301,https://raw.githubusercontent.com/kampax/Train_Data/refs/heads/main/Urban_Rural/6296852519.jpg
picture302,https://raw.githubusercontent.com/kampax/Train_Data/refs/heads/main/Urban_Rural/6351088028.jpg
picture303,https://raw.githubusercontent.com/kampax/Train_Data/refs/heads/main/Urban_Rural/6736334513.jpg
picture304,https://raw.githubusercontent.com/kampax/Train_Data/refs/heads/main/Urban_Rural/6773748963.jpg
picture305,https://raw.githubusercontent.com/kampax/Train_Data/refs/heads/main/Urban_Rural/6792573980.jpg
picture306,https://raw.githubusercontent.com/kampax/Train_Data/refs/heads/main/Urban_Rural/6826001420.jpg
picture307,https://raw.githubusercontent.com/kampax/Train_Data/refs/heads/main/Urban_Rural/6829731880.jpg
picture308,https://raw.githubusercontent.com/kampax/Train_Data/refs/heads/main/Urban_Rural/6877558552.jpg
picture309,https://raw.githubusercontent.com/kampax/Train_Data/refs/heads/main/Urban_Rural/6893155194.jpg
picture310,https://raw.githubusercontent.com/kampax/Train_Data/refs/heads/main/Urban_Rural/6964737262.jpg
picture311,https://raw.githubusercontent.com/kampax/Train_Data/refs/heads/main/Urban_Rural/6970484181.jpg
picture312,https://raw.githubusercontent.com/kampax/Train_Data/refs/heads/main/Urban_Rural/6991056841.jpg
picture313,https://raw.githubusercontent.com/kampax/Train_Data/refs/heads/main/Urban_Rural/7065174273.jpg
picture314,https://raw.githubusercontent.com/kampax/Train_Data/refs/heads/main/Urban_Rural/7101684937.jpg
picture315,https://raw.githubusercontent.com/kampax/Train_Data/refs/heads/main/Urban_Rural/7208207084.jpg
picture316,https://raw.githubusercontent.com/kampax/Train_Data/refs/heads/main/Urban_Rural/7461397422.jpg
picture317,https://raw.githubusercontent.com/kampax/Train_Data/refs/heads/main/Urban_Rural/7526674992.jpg
picture318,https://raw.githubusercontent.com/kampax/Train_Data/refs/heads/main/Urban_Rural/7933201696.jpg
picture319,https://raw.githubusercontent.com/kampax/Train_Data/refs/heads/main/Urban_Rural/8116257051.jpg
picture320,https://raw.githubusercontent.com/kampax/Train_Data/refs/heads/main/Urban_Rural/8358362493.jpg
picture321,https://raw.githubusercontent.com/kampax/Train_Data/refs/heads/main/Urban_Rural/8449989605.jpg
picture322,https://raw.githubusercontent.com/kampax/Train_Data/refs/heads/main/Urban_Rural/8631538356.jpg
picture323,https://raw.githubusercontent.com/kampax/Train_Data/refs/heads/main/Urban_Rural/8723228313.jpg
picture324,https://raw.githubusercontent.com/kampax/Train_Data/refs/heads/main/Urban_Rural/8868786113.jpg
picture325,https://raw.githubusercontent.com/kampax/Train_Data/refs/heads/main/Urban_Rural/8869329532.jpg
picture326,https://raw.githubusercontent.com/kampax/Train_Data/refs/heads/main/Urban_Rural/8976391991.jpg
picture327,https://raw.githubusercontent.com/kampax/Train_Data/refs/heads/main/Urban_Rural/8995510084.jpg
picture328,https://raw.githubusercontent.com/kampax/Train_Data/refs/heads/main/Urban_Rural/9112825471.jpg
picture329,https://raw.githubusercontent.com/kampax/Train_Data/refs/heads/main/Urban_Rural/9271739281.jpg
picture330,https://raw.githubusercontent.com/kampax/Train_Data/refs/heads/main/Urban_Rural/9271740527.jpg
picture331,https://raw.githubusercontent.com/kampax/Train_Data/refs/heads/main/Urban_Rural/9841518585.jpg
picture332,https://raw.githubusercontent.com/kampax/Train_Data/refs/heads/main/Urban_Rural/snev_NA_4340_53634358102__b.jpg
picture333,https://raw.githubusercontent.com/kampax/Train_Data/refs/heads/main/Urban_Rural/snev_NA_4340_53664568455__b.jpg
picture334,https://raw.githubusercontent.com/kampax/Train_Data/refs/heads/main/Urban_Rural/snev_NA_5374_52878276400__b.jpg
picture335,https://raw.githubusercontent.com/kampax/Train_Data/refs/heads/main/Urban_Rural/snev_NA_5375_53287039458__b.jpg
picture336,https://raw.githubusercontent.com/kampax/Train_Data/refs/heads/main/Urban_Rural/snev_NA_8801_53424836486__b.jpg
picture337,https://raw.githubusercontent.com/kampax/Train_Data/refs/heads/main/Sports/10121105795.jpg
picture338,https://raw.githubusercontent.com/kampax/Train_Data/refs/heads/main/Sports/11451157766.jpg
picture339,https://raw.githubusercontent.com/kampax/Train_Data/refs/heads/main/Sports/12194437274.jpg
picture340,https://raw.githubusercontent.com/kampax/Train_Data/refs/heads/main/Sports/12248877834.jpg
picture341,https://raw.githubusercontent.com/kampax/Train_Data/refs/heads/main/Sports/12286735546.jpg
picture342,https://raw.githubusercontent.com/kampax/Train_Data/refs/heads/main/Sports/12288056533.jpg
picture343,https://raw.githubusercontent.com/kampax/Train_Data/refs/heads/main/Sports/12289634865.jpg
picture344,https://raw.githubusercontent.com/kampax/Train_Data/refs/heads/main/Sports/123724921.jpg
picture345,https://raw.githubusercontent.com/kampax/Train_Data/refs/heads/main/Sports/12858562793.jpg
picture346,https://raw.githubusercontent.com/kampax/Train_Data/refs/heads/main/Sports/13673460293.jpg
picture347,https://raw.githubusercontent.com/kampax/Train_Data/refs/heads/main/Sports/13697374973.jpg
picture348,https://raw.githubusercontent.com/kampax/Train_Data/refs/heads/main/Sports/13697720435.jpg
picture349,https://raw.githubusercontent.com/kampax/Train_Data/refs/heads/main/Sports/13931427847.jpg
picture350,https://raw.githubusercontent.com/kampax/Train_Data/refs/heads/main/Sports/13968180107.jpg
picture351,https://raw.githubusercontent.com/kampax/Train_Data/refs/heads/main/Sports/13968210960.jpg
picture352,https://raw.githubusercontent.com/kampax/Train_Data/refs/heads/main/Sports/14472173930.jpg
picture353,https://raw.githubusercontent.com/kampax/Train_Data/refs/heads/main/Sports/15290268886.jpg
picture354,https://raw.githubusercontent.com/kampax/Train_Data/refs/heads/main/Sports/15506384734.jpg
picture355,https://raw.githubusercontent.com/kampax/Train_Data/refs/heads/main/Sports/15575194534.jpg
picture356,https://raw.githubusercontent.com/kampax/Train_Data/refs/heads/main/Sports/16090872610.jpg
picture357,https://raw.githubusercontent.com/kampax/Train_Data/refs/heads/main/Sports/16133152924.jpg
picture358,https://raw.githubusercontent.com/kampax/Train_Data/refs/heads/main/Sports/16173052383.jpg
picture359,https://raw.githubusercontent.com/kampax/Train_Data/refs/heads/main/Sports/1662137160.jpg
picture360,https://raw.githubusercontent.com/kampax/Train_Data/refs/heads/main/Sports/16893207921.jpg
picture361,https://raw.githubusercontent.com/kampax/Train_Data/refs/heads/main/Sports/16965159129.jpg
picture362,https://raw.githubusercontent.com/kampax/Train_Data/refs/heads/main/Sports/17127923330.jpg
picture363,https://raw.githubusercontent.com/kampax/Train_Data/refs/heads/main/Sports/17247977994.jpg
picture364,https://raw.githubusercontent.com/kampax/Train_Data/refs/heads/main/Sports/17590266054.jpg
picture365,https://raw.githubusercontent.com/kampax/Train_Data/refs/heads/main/Sports/18805801745.jpg
picture366,https://raw.githubusercontent.com/kampax/Train_Data/refs/heads/main/Sports/19035985034.jpg
picture367,https://raw.githubusercontent.com/kampax/Train_Data/refs/heads/main/Sports/19037448683.jpg
picture368,https://raw.githubusercontent.com/kampax/Train_Data/refs/heads/main/Sports/19781661380.jpg
picture369,https://raw.githubusercontent.com/kampax/Train_Data/refs/heads/main/Sports/20177672363.jpg
picture370,https://raw.githubusercontent.com/kampax/Train_Data/refs/heads/main/Sports/20285129223.jpg
picture371,https://raw.githubusercontent.com/kampax/Train_Data/refs/heads/main/Sports/21442525899.jpg
picture372,https://raw.githubusercontent.com/kampax/Train_Data/refs/heads/main/Sports/21577151134.jpg
picture373,https://raw.githubusercontent.com/kampax/Train_Data/refs/heads/main/Sports/2255016304.jpg
picture374,https://raw.githubusercontent.com/kampax/Train_Data/refs/heads/main/Sports/2260481515.jpg
picture375,https://raw.githubusercontent.com/kampax/Train_Data/refs/heads/main/Sports/26771374906.jpg
picture376,https://raw.githubusercontent.com/kampax/Train_Data/refs/heads/main/Sports/28576502574.jpg
picture377,https://raw.githubusercontent.com/kampax/Train_Data/refs/heads/main/Sports/29936549254.jpg
picture378,https://raw.githubusercontent.com/kampax/Train_Data/refs/heads/main/Sports/3048550650.jpg
picture379,https://raw.githubusercontent.com/kampax/Train_Data/refs/heads/main/Sports/3073534171.jpg
picture380,https://raw.githubusercontent.com/kampax/Train_Data/refs/heads/main/Sports/31368456353.jpg
picture381,https://raw.githubusercontent.com/kampax/Train_Data/refs/heads/main/Sports/3220154765.jpg
picture382,https://raw.githubusercontent.com/kampax/Train_Data/refs/heads/main/Sports/32674816093.jpg
picture383,https://raw.githubusercontent.com/kampax/Train_Data/refs/heads/main/Sports/32713756964.jpg
picture384,https://raw.githubusercontent.com/kampax/Train_Data/refs/heads/main/Sports/33419070042.jpg
picture385,https://raw.githubusercontent.com/kampax/Train_Data/refs/heads/main/Sports/33778651610.jpg
picture386,https://raw.githubusercontent.com/kampax/Train_Data/refs/heads/main/Sports/34003840640.jpg
picture387,https://raw.githubusercontent.com/kampax/Train_Data/refs/heads/main/Sports/357385115.jpg
picture388,https://raw.githubusercontent.com/kampax/Train_Data/refs/heads/main/Sports/4279114426.jpg
picture389,https://raw.githubusercontent.com/kampax/Train_Data/refs/heads/main/Sports/4521011659.jpg
picture390,https://raw.githubusercontent.com/kampax/Train_Data/refs/heads/main/Sports/4531783470.jpg
picture391,https://raw.githubusercontent.com/kampax/Train_Data/refs/heads/main/Sports/4919888811.jpg
picture392,https://raw.githubusercontent.com/kampax/Train_Data/refs/heads/main/Sports/4936057896.jpg
picture393,https://raw.githubusercontent.com/kampax/Train_Data/refs/heads/main/Sports/5057666164.jpg
picture394,https://raw.githubusercontent.com/kampax/Train_Data/refs/heads/main/Sports/5304135095.jpg
picture395,https://raw.githubusercontent.com/kampax/Train_Data/refs/heads/main/Sports/5362857827.jpg
picture396,https://raw.githubusercontent.com/kampax/Train_Data/refs/heads/main/Sports/5381834791.jpg
picture397,https://raw.githubusercontent.com/kampax/Train_Data/refs/heads/main/Sports/5422823239.jpg
picture398,https://raw.githubusercontent.com/kampax/Train_Data/refs/heads/main/Sports/5456351224.jpg
picture399,https://raw.githubusercontent.com/kampax/Train_Data/refs/heads/main/Sports/5508732814.jpg
picture400,https://raw.githubusercontent.com/kampax/Train_Data/refs/heads/main/Sports/5856334784.jpg
picture401,https://raw.githubusercontent.com/kampax/Train_Data/refs/heads/main/Sports/6305005523.jpg
picture402,https://raw.githubusercontent.com/kampax/Train_Data/refs/heads/main/Sports/6504104495.jpg
picture403,https://raw.githubusercontent.com/kampax/Train_Data/refs/heads/main/Sports/67876987.jpg
picture404,https://raw.githubusercontent.com/kampax/Train_Data/refs/heads/main/Sports/6999243162.jpg
picture405,https://raw.githubusercontent.com/kampax/Train_Data/refs/heads/main/Sports/7263520580.jpg
picture406,https://raw.githubusercontent.com/kampax/Train_Data/refs/heads/main/Sports/7526466488.jpg
picture407,https://raw.githubusercontent.com/kampax/Train_Data/refs/heads/main/Sports/7599087722.jpg
picture408,https://raw.githubusercontent.com/kampax/Train_Data/refs/heads/main/Sports/7823905540.jpg
picture409,https://raw.githubusercontent.com/kampax/Train_Data/refs/heads/main/Sports/7826092770.jpg
picture410,https://raw.githubusercontent.com/kampax/Train_Data/refs/heads/main/Sports/7990475095.jpg
picture411,https://raw.githubusercontent.com/kampax/Train_Data/refs/heads/main/Sports/8253686521.jpg
picture412,https://raw.githubusercontent.com/kampax/Train_Data/refs/heads/main/Sports/8336571321.jpg
picture413,https://raw.githubusercontent.com/kampax/Train_Data/refs/heads/main/Sports/8336574447.jpg
picture414,https://raw.githubusercontent.com/kampax/Train_Data/refs/heads/main/Sports/8491155915.jpg
picture415,https://raw.githubusercontent.com/kampax/Train_Data/refs/heads/main/Sports/9007850349.jpg
picture416,https://raw.githubusercontent.com/kampax/Train_Data/refs/heads/main/Sports/9230416703.jpg
picture417,https://raw.githubusercontent.com/kampax/Train_Data/refs/heads/main/Sports/9415379210.jpg
picture418,https://raw.githubusercontent.com/kampax/Train_Data/refs/heads/main/Sports/9495280825.jpg
picture419,https://raw.githubusercontent.com/kampax/Train_Data/refs/heads/main/Sports/9498075552.jpg
picture420,https://raw.githubusercontent.com/kampax/Train_Data/refs/heads/main/Sports/9607646931.jpg
picture421,https://raw.githubusercontent.com/kampax/Train_Data/refs/heads/main/Sports/aiguestortes_NA_1195_50271791697__b.jpg
picture422,https://raw.githubusercontent.com/kampax/Train_Data/refs/heads/main/Sports/aiguestortes_NA_1196_32853153568__b.jpg
picture423,https://raw.githubusercontent.com/kampax/Train_Data/refs/heads/main/Sports/aiguestortes_NA_1201_52395819360__b.jpg
picture424,https://raw.githubusercontent.com/kampax/Train_Data/refs/heads/main/Sports/aiguestortes_NA_1266_22348594121__b.jpg
picture425,https://raw.githubusercontent.com/kampax/Train_Data/refs/heads/main/Sports/aiguestortes_NA_1273_33729607764__b.jpg
picture426,https://raw.githubusercontent.com/kampax/Train_Data/refs/heads/main/Sports/aiguestortes_NA_1634_52326648263__b.jpg
picture427,https://raw.githubusercontent.com/kampax/Train_Data/refs/heads/main/Sports/aiguestortes_NA_2807_29425502625__b.jpg
picture428,https://raw.githubusercontent.com/kampax/Train_Data/refs/heads/main/Sports/aiguestortes_NA_325_19417893170__o.jpg
picture429,https://raw.githubusercontent.com/kampax/Train_Data/refs/heads/main/Sports/aiguestortes_NA_3370_45799349285__b.jpg
picture430,https://raw.githubusercontent.com/kampax/Train_Data/refs/heads/main/Sports/aiguestortes_NA_3547_29391679506__b.jpg
picture431,https://raw.githubusercontent.com/kampax/Train_Data/refs/heads/main/Sports/aiguestortes_NA_4459_17269608558__b.jpg
picture432,https://raw.githubusercontent.com/kampax/Train_Data/refs/heads/main/Sports/aiguestortes_NA_4459_17269616348__b.jpg
picture433,https://raw.githubusercontent.com/kampax/Train_Data/refs/heads/main/Sports/aiguestortes_NA_4459_17522660232__b.jpg
picture434,https://raw.githubusercontent.com/kampax/Train_Data/refs/heads/main/Sports/granada_989780_989780_1475776674465779717_image_FHsDB-MXEAM-kVE.jpg
picture435,https://raw.githubusercontent.com/kampax/Train_Data/refs/heads/main/Sports/guadarrama_NA_1265_16668356984__b.jpg
picture436,https://raw.githubusercontent.com/kampax/Train_Data/refs/heads/main/Sports/guadarrama_NA_1265_16671961223__b.jpg
picture437,https://raw.githubusercontent.com/kampax/Train_Data/refs/heads/main/Sports/guadarrama_NA_1265_17083374267__b.jpg
picture438,https://raw.githubusercontent.com/kampax/Train_Data/refs/heads/main/Sports/guadarrama_NA_1265_17090565157__b.jpg
picture439,https://raw.githubusercontent.com/kampax/Train_Data/refs/heads/main/Sports/guadarrama_NA_1346_17307561042__b.jpg
picture440,https://raw.githubusercontent.com/kampax/Train_Data/refs/heads/main/Sports/guadarrama_NA_1855_27591494951__b.jpg
picture441,https://raw.githubusercontent.com/kampax/Train_Data/refs/heads/main/Sports/guadarrama_NA_1855_27591532511__b.jpg
picture442,https://raw.githubusercontent.com/kampax/Train_Data/refs/heads/main/Sports/guadarrama_NA_1855_27630768116__b.jpg
picture443,https://raw.githubusercontent.com/kampax/Train_Data/refs/heads/main/Sports/peneda_1_343086_1029791430754136064_image_DkqN15bW0AAFu8E.jpg
picture444,https://raw.githubusercontent.com/kampax/Train_Data/refs/heads/main/Sports/snev_NA_1125_52825563015__b.jpg
picture445,https://raw.githubusercontent.com/kampax/Train_Data/refs/heads/main/Sports/snev_NA_1529_52699245055__b.jpg
picture446,https://raw.githubusercontent.com/kampax/Train_Data/refs/heads/main/Sports/snev_NA_1612_52825164661__b.jpg
picture447,https://raw.githubusercontent.com/kampax/Train_Data/refs/heads/main/Sports/snev_NA_2371_53505135549__b.jpg
picture448,https://raw.githubusercontent.com/kampax/Train_Data/refs/heads/main/Sports/snev_NA_642_52698806466__b.jpg
picture449,https://raw.githubusercontent.com/kampax/Train_Data/refs/heads/main/Nature/10192830644.jpg
picture450,https://raw.githubusercontent.com/kampax/Train_Data/refs/heads/main/Nature/10578090995.jpg
picture451,https://raw.githubusercontent.com/kampax/Train_Data/refs/heads/main/Nature/10903285914.jpg
picture452,https://raw.githubusercontent.com/kampax/Train_Data/refs/heads/main/Nature/11325859575.jpg
picture453,https://raw.githubusercontent.com/kampax/Train_Data/refs/heads/main/Nature/13032859175.jpg
picture454,https://raw.githubusercontent.com/kampax/Train_Data/refs/heads/main/Nature/13412633863.jpg
picture455,https://raw.githubusercontent.com/kampax/Train_Data/refs/heads/main/Nature/14029831379.jpg
picture456,https://raw.githubusercontent.com/kampax/Train_Data/refs/heads/main/Nature/14167873582.jpg
picture457,https://raw.githubusercontent.com/kampax/Train_Data/refs/heads/main/Nature/14351085109.jpg
picture458,https://raw.githubusercontent.com/kampax/Train_Data/refs/heads/main/Nature/14374003418.jpg
picture459,https://raw.githubusercontent.com/kampax/Train_Data/refs/heads/main/Nature/14418318727.jpg
picture460,https://raw.githubusercontent.com/kampax/Train_Data/refs/heads/main/Nature/14484144266.jpg
picture461,https://raw.githubusercontent.com/kampax/Train_Data/refs/heads/main/Nature/14573118620.jpg
picture462,https://raw.githubusercontent.com/kampax/Train_Data/refs/heads/main/Nature/14879264279.jpg
picture463,https://raw.githubusercontent.com/kampax/Train_Data/refs/heads/main/Nature/15103341192.jpg
picture464,https://raw.githubusercontent.com/kampax/Train_Data/refs/heads/main/Nature/15396195325.jpg
picture465,https://raw.githubusercontent.com/kampax/Train_Data/refs/heads/main/Nature/15648359227.jpg
picture466,https://raw.githubusercontent.com/kampax/Train_Data/refs/heads/main/Nature/15748561004.jpg
picture467,https://raw.githubusercontent.com/kampax/Train_Data/refs/heads/main/Nature/15784226542.jpg
picture468,https://raw.githubusercontent.com/kampax/Train_Data/refs/heads/main/Nature/15833799008.jpg
picture469,https://raw.githubusercontent.com/kampax/Train_Data/refs/heads/main/Nature/15921109103.jpg
picture470,https://raw.githubusercontent.com/kampax/Train_Data/refs/heads/main/Nature/16309755933.jpg
picture471,https://raw.githubusercontent.com/kampax/Train_Data/refs/heads/main/Nature/16688192028.jpg
picture472,https://raw.githubusercontent.com/kampax/Train_Data/refs/heads/main/Nature/16993249722.jpg
picture473,https://raw.githubusercontent.com/kampax/Train_Data/refs/heads/main/Nature/17676355311.jpg
picture474,https://raw.githubusercontent.com/kampax/Train_Data/refs/heads/main/Nature/20301914970.jpg
picture475,https://raw.githubusercontent.com/kampax/Train_Data/refs/heads/main/Nature/20626070283.jpg
picture476,https://raw.githubusercontent.com/kampax/Train_Data/refs/heads/main/Nature/20970019044.jpg
picture477,https://raw.githubusercontent.com/kampax/Train_Data/refs/heads/main/Nature/21183667878.jpg
picture478,https://raw.githubusercontent.com/kampax/Train_Data/refs/heads/main/Nature/21312977873.jpg
picture479,https://raw.githubusercontent.com/kampax/Train_Data/refs/heads/main/Nature/24107043792.jpg
picture480,https://raw.githubusercontent.com/kampax/Train_Data/refs/heads/main/Nature/24458165162.jpg
picture481,https://raw.githubusercontent.com/kampax/Train_Data/refs/heads/main/Nature/26005545474.jpg
picture482,https://raw.githubusercontent.com/kampax/Train_Data/refs/heads/main/Nature/26544448184.jpg
picture483,https://raw.githubusercontent.com/kampax/Train_Data/refs/heads/main/Nature/2703593478.jpg
picture484,https://raw.githubusercontent.com/kampax/Train_Data/refs/heads/main/Nature/27476343683.jpg
picture485,https://raw.githubusercontent.com/kampax/Train_Data/refs/heads/main/Nature/27640951061.jpg
picture486,https://raw.githubusercontent.com/kampax/Train_Data/refs/heads/main/Nature/29659160334.jpg
picture487,https://raw.githubusercontent.com/kampax/Train_Data/refs/heads/main/Nature/30184058546.jpg
picture488,https://raw.githubusercontent.com/kampax/Train_Data/refs/heads/main/Nature/32668322635.jpg
picture489,https://raw.githubusercontent.com/kampax/Train_Data/refs/heads/main/Nature/32713864094.jpg
picture490,https://raw.githubusercontent.com/kampax/Train_Data/refs/heads/main/Nature/33096158665.jpg
picture491,https://raw.githubusercontent.com/kampax/Train_Data/refs/heads/main/Nature/33209378483.jpg
picture492,https://raw.githubusercontent.com/kampax/Train_Data/refs/heads/main/Nature/3329892237.jpg
picture493,https://raw.githubusercontent.com/kampax/Train_Data/refs/heads/main/Nature/343792993.jpg
picture494,https://raw.githubusercontent.com/kampax/Train_Data/refs/heads/main/Nature/4318183411.jpg
picture495,https://raw.githubusercontent.com/kampax/Train_Data/refs/heads/main/Nature/4563550677.jpg
picture496,https://raw.githubusercontent.com/kampax/Train_Data/refs/heads/main/Nature/4763293627.jpg
picture497,https://raw.githubusercontent.com/kampax/Train_Data/refs/heads/main/Nature/4908788040.jpg
picture498,https://raw.githubusercontent.com/kampax/Train_Data/refs/heads/main/Nature/5104680745.jpg
picture499,https://raw.githubusercontent.com/kampax/Train_Data/refs/heads/main/Nature/5168617623.jpg
picture500,https://raw.githubusercontent.com/kampax/Train_Data/refs/heads/main/Nature/5329594107.jpg
picture501,https://raw.githubusercontent.com/kampax/Train_Data/refs/heads/main/Nature/5372534323.jpg
picture502,https://raw.githubusercontent.com/kampax/Train_Data/refs/heads/main/Nature/5416039805.jpg
picture503,https://raw.githubusercontent.com/kampax/Train_Data/refs/heads/main/Nature/5515379764.jpg
picture504,https://raw.githubusercontent.com/kampax/Train_Data/refs/heads/main/Nature/5520127618.jpg
picture505,https://raw.githubusercontent.com/kampax/Train_Data/refs/heads/main/Nature/5568914885.jpg
picture506,https://raw.githubusercontent.com/kampax/Train_Data/refs/heads/main/Nature/5845827509.jpg
picture507,https://raw.githubusercontent.com/kampax/Train_Data/refs/heads/main/Nature/5866646974.jpg
picture508,https://raw.githubusercontent.com/kampax/Train_Data/refs/heads/main/Nature/6065841308.jpg
picture509,https://raw.githubusercontent.com/kampax/Train_Data/refs/heads/main/Nature/6120594033.jpg
picture510,https://raw.githubusercontent.com/kampax/Train_Data/refs/heads/main/Nature/6161407443.jpg
picture511,https://raw.githubusercontent.com/kampax/Train_Data/refs/heads/main/Nature/6320107896.jpg
picture512,https://raw.githubusercontent.com/kampax/Train_Data/refs/heads/main/Nature/6351336512.jpg
picture513,https://raw.githubusercontent.com/kampax/Train_Data/refs/heads/main/Nature/6383187179.jpg
picture514,https://raw.githubusercontent.com/kampax/Train_Data/refs/heads/main/Nature/6399967031.jpg
picture515,https://raw.githubusercontent.com/kampax/Train_Data/refs/heads/main/Nature/6477020097.jpg
picture516,https://raw.githubusercontent.com/kampax/Train_Data/refs/heads/main/Nature/6488141837.jpg
picture517,https://raw.githubusercontent.com/kampax/Train_Data/refs/heads/main/Nature/6661780175.jpg
picture518,https://raw.githubusercontent.com/kampax/Train_Data/refs/heads/main/Nature/6783197280.jpg
picture519,https://raw.githubusercontent.com/kampax/Train_Data/refs/heads/main/Nature/6983492674.jpg
picture520,https://raw.githubusercontent.com/kampax/Train_Data/refs/heads/main/Nature/7059804763.jpg
picture521,https://raw.githubusercontent.com/kampax/Train_Data/refs/heads/main/Nature/7208322434.jpg
picture522,https://raw.githubusercontent.com/kampax/Train_Data/refs/heads/main/Nature/8354991994.jpg
picture523,https://raw.githubusercontent.com/kampax/Train_Data/refs/heads/main/Nature/8508711761.jpg
picture524,https://raw.githubusercontent.com/kampax/Train_Data/refs/heads/main/Nature/8513250557.jpg
picture525,https://raw.githubusercontent.com/kampax/Train_Data/refs/heads/main/Nature/8516279207.jpg
picture526,https://raw.githubusercontent.com/kampax/Train_Data/refs/heads/main/Nature/8695897222.jpg
picture527,https://raw.githubusercontent.com/kampax/Train_Data/refs/heads/main/Nature/8705711463.jpg
picture528,https://raw.githubusercontent.com/kampax/Train_Data/refs/heads/main/Nature/8927168605.jpg
picture529,https://raw.githubusercontent.com/kampax/Train_Data/refs/heads/main/Nature/9566973276.jpg
picture530,https://raw.githubusercontent.com/kampax/Train_Data/refs/heads/main/Nature/9671767264.jpg
picture531,https://raw.githubusercontent.com/kampax/Train_Data/refs/heads/main/Nature/aiguestortes_NA_1050_50271790722__b.jpg
picture532,https://raw.githubusercontent.com/kampax/Train_Data/refs/heads/main/Nature/aiguestortes_NA_1194_22311832346__b.jpg
picture533,https://raw.githubusercontent.com/kampax/Train_Data/refs/heads/main/Nature/aiguestortes_NA_1195_52239976525__b.jpg
picture534,https://raw.githubusercontent.com/kampax/Train_Data/refs/heads/main/Nature/aiguestortes_NA_1267_37319589320__b.jpg
picture535,https://raw.githubusercontent.com/kampax/Train_Data/refs/heads/main/Nature/aiguestortes_NA_1268_52163772554__b.jpg
picture536,https://raw.githubusercontent.com/kampax/Train_Data/refs/heads/main/Nature/aiguestortes_NA_1342_48848685908__b.jpg
picture537,https://raw.githubusercontent.com/kampax/Train_Data/refs/heads/main/Nature/aiguestortes_NA_1416_50421461376__b.jpg
picture538,https://raw.githubusercontent.com/kampax/Train_Data/refs/heads/main/Nature/aiguestortes_NA_1634_41110610412__b.jpg
picture539,https://raw.githubusercontent.com/kampax/Train_Data/refs/heads/main/Nature/aiguestortes_NA_1634_45337508764__b.jpg
picture540,https://raw.githubusercontent.com/kampax/Train_Data/refs/heads/main/Nature/aiguestortes_NA_1634_46288837062__b.jpg
picture541,https://raw.githubusercontent.com/kampax/Train_Data/refs/heads/main/Nature/aiguestortes_NA_1634_50176674968__b.jpg
picture542,https://raw.githubusercontent.com/kampax/Train_Data/refs/heads/main/Nature/aiguestortes_NA_2375_35656744093__b.jpg
picture543,https://raw.githubusercontent.com/kampax/Train_Data/refs/heads/main/Nature/aiguestortes_NA_2567_37100314550__b.jpg
picture544,https://raw.githubusercontent.com/kampax/Train_Data/refs/heads/main/Nature/aiguestortes_NA_3076_48388491727__b.jpg
picture545,https://raw.githubusercontent.com/kampax/Train_Data/refs/heads/main/Nature/aiguestortes_NA_3321_50404325866__b.jpg
picture546,https://raw.githubusercontent.com/kampax/Train_Data/refs/heads/main/Nature/aiguestortes_NA_3368_31437606102__b.jpg
picture547,https://raw.githubusercontent.com/kampax/Train_Data/refs/heads/main/Nature/aiguestortes_NA_3368_31468213741__b.jpg
picture548,https://raw.githubusercontent.com/kampax/Train_Data/refs/heads/main/Nature/aiguestortes_NA_3368_33138935343__b.jpg
picture549,https://raw.githubusercontent.com/kampax/Train_Data/refs/heads/main/Nature/aiguestortes_NA_3368_48388425617__b.jpg
picture550,https://raw.githubusercontent.com/kampax/Train_Data/refs/heads/main/Nature/aiguestortes_NA_3372_30761746955__b.jpg
picture551,https://raw.githubusercontent.com/kampax/Train_Data/refs/heads/main/Nature/aiguestortes_NA_3389_52221781864__b.jpg
picture552,https://raw.githubusercontent.com/kampax/Train_Data/refs/heads/main/Nature/aiguestortes_NA_3588_31191153132__b.jpg
picture553,https://raw.githubusercontent.com/kampax/Train_Data/refs/heads/main/Nature/aiguestortes_NA_3691_21804600352__b.jpg
picture554,https://raw.githubusercontent.com/kampax/Train_Data/refs/heads/main/Nature/aiguestortes_NA_3980_29029839511__b.jpg
picture555,https://raw.githubusercontent.com/kampax/Train_Data/refs/heads/main/Nature/aiguestortes_NA_5644_30127297372__b.jpg
picture556,https://raw.githubusercontent.com/kampax/Train_Data/refs/heads/main/Nature/granada_977255_977255_581933008221016065_image_CBNw4KDWgAANI3A.jpg
picture557,https://raw.githubusercontent.com/kampax/Train_Data/refs/heads/main/Nature/snev_NA_1029_53552163740__b.jpg
picture558,https://raw.githubusercontent.com/kampax/Train_Data/refs/heads/main/Nature/snev_NA_2664_52718556933__b.jpg
picture559,https://raw.githubusercontent.com/kampax/Train_Data/refs/heads/main/Nature/snev_NA_3360_53004362635__b.jpg
picture560,https://raw.githubusercontent.com/kampax/Train_Data/refs/heads/main/Nature/snev_NA_379_53411421379__b.jpg
picture561,https://raw.githubusercontent.com/kampax/Train_Data/refs/heads/main/Cultural_Religious/1099731005890547713.jpg
picture562,https://raw.githubusercontent.com/kampax/Train_Data/refs/heads/main/Cultural_Religious/11118178533.jpg
picture563,https://raw.githubusercontent.com/kampax/Train_Data/refs/heads/main/Cultural_Religious/1277136159051780097.jpg
picture564,https://raw.githubusercontent.com/kampax/Train_Data/refs/heads/main/Cultural_Religious/1431523817608859648.jpg
picture565,https://raw.githubusercontent.com/kampax/Train_Data/refs/heads/main/Cultural_Religious/14584206836.jpg
picture566,https://raw.githubusercontent.com/kampax/Train_Data/refs/heads/main/Cultural_Religious/1474708753014476804.jpg
picture567,https://raw.githubusercontent.com/kampax/Train_Data/refs/heads/main/Cultural_Religious/16365768800.jpg
picture568,https://raw.githubusercontent.com/kampax/Train_Data/refs/heads/main/Cultural_Religious/22379545270.jpg
picture569,https://raw.githubusercontent.com/kampax/Train_Data/refs/heads/main/Cultural_Religious/22960208453.jpg
picture570,https://raw.githubusercontent.com/kampax/Train_Data/refs/heads/main/Cultural_Religious/23120543850.jpg
picture571,https://raw.githubusercontent.com/kampax/Train_Data/refs/heads/main/Cultural_Religious/28709860484.jpg
picture572,https://raw.githubusercontent.com/kampax/Train_Data/refs/heads/main/Cultural_Religious/34108176126.jpg
picture573,https://raw.githubusercontent.com/kampax/Train_Data/refs/heads/main/Cultural_Religious/35500462255.jpg
picture574,https://raw.githubusercontent.com/kampax/Train_Data/refs/heads/main/Cultural_Religious/3716690075.jpg
picture575,https://raw.githubusercontent.com/kampax/Train_Data/refs/heads/main/Cultural_Religious/4168260265.jpg
picture576,https://raw.githubusercontent.com/kampax/Train_Data/refs/heads/main/Cultural_Religious/4186772723.jpg
picture577,https://raw.githubusercontent.com/kampax/Train_Data/refs/heads/main/Cultural_Religious/52588950876.jpg
picture578,https://raw.githubusercontent.com/kampax/Train_Data/refs/heads/main/Cultural_Religious/52696667333.jpg
picture579,https://raw.githubusercontent.com/kampax/Train_Data/refs/heads/main/Cultural_Religious/52895281971.jpg
picture580,https://raw.githubusercontent.com/kampax/Train_Data/refs/heads/main/Cultural_Religious/53201876148.jpg
picture581,https://raw.githubusercontent.com/kampax/Train_Data/refs/heads/main/Cultural_Religious/53239434086.jpg
picture582,https://raw.githubusercontent.com/kampax/Train_Data/refs/heads/main/Cultural_Religious/53239514711.jpg
picture583,https://raw.githubusercontent.com/kampax/Train_Data/refs/heads/main/Cultural_Religious/53239880549.jpg
picture584,https://raw.githubusercontent.com/kampax/Train_Data/refs/heads/main/Cultural_Religious/53239886004.jpg
picture585,https://raw.githubusercontent.com/kampax/Train_Data/refs/heads/main/Cultural_Religious/53248216460.jpg
picture586,https://raw.githubusercontent.com/kampax/Train_Data/refs/heads/main/Cultural_Religious/53290611599.jpg
picture587,https://raw.githubusercontent.com/kampax/Train_Data/refs/heads/main/Cultural_Religious/6046868353.jpg
picture588,https://raw.githubusercontent.com/kampax/Train_Data/refs/heads/main/Cultural_Religious/6135926408.jpg
picture589,https://raw.githubusercontent.com/kampax/Train_Data/refs/heads/main/Cultural_Religious/6485658283.jpg
picture590,https://raw.githubusercontent.com/kampax/Train_Data/refs/heads/main/Cultural_Religious/6824615462.jpg
picture591,https://raw.githubusercontent.com/kampax/Train_Data/refs/heads/main/Cultural_Religious/743057352656596993.jpg
picture592,https://raw.githubusercontent.com/kampax/Train_Data/refs/heads/main/Cultural_Religious/793071021079334912.jpg
picture593,https://raw.githubusercontent.com/kampax/Train_Data/refs/heads/main/Cultural_Religious/7938029776.jpg
picture594,https://raw.githubusercontent.com/kampax/Train_Data/refs/heads/main/Cultural_Religious/8272830339.jpg
picture595,https://raw.githubusercontent.com/kampax/Train_Data/refs/heads/main/Cultural_Religious/aiguestortes_NA_1619_35739266031__b.jpg
picture596,https://raw.githubusercontent.com/kampax/Train_Data/refs/heads/main/Cultural_Religious/aiguestortes_NA_1619_44496120751__b.jpg
picture597,https://raw.githubusercontent.com/kampax/Train_Data/refs/heads/main/Cultural_Religious/aiguestortes_NA_1660_40645789703__b.jpg
picture598,https://raw.githubusercontent.com/kampax/Train_Data/refs/heads/main/Cultural_Religious/aiguestortes_NA_1660_40674861983__b.jpg
picture599,https://raw.githubusercontent.com/kampax/Train_Data/refs/heads/main/Cultural_Religious/aiguestortes_NA_1660_47559281972__b.jpg
picture600,https://raw.githubusercontent.com/kampax/Train_Data/refs/heads/main/Cultural_Religious/aiguestortes_NA_1699_29186179392__b.jpg
picture601,https://raw.githubusercontent.com/kampax/Train_Data/refs/heads/main/Cultural_Religious/aiguestortes_NA_1699_32095244204__b.jpg
picture602,https://raw.githubusercontent.com/kampax/Train_Data/refs/heads/main/Cultural_Religious/aiguestortes_NA_2094_29399785715__b.jpg
picture603,https://raw.githubusercontent.com/kampax/Train_Data/refs/heads/main/Cultural_Religious/aiguestortes_NA_2094_45681782572__b.jpg
picture604,https://raw.githubusercontent.com/kampax/Train_Data/refs/heads/main/Cultural_Religious/aiguestortes_NA_2094_48590986456__b.jpg
picture605,https://raw.githubusercontent.com/kampax/Train_Data/refs/heads/main/Cultural_Religious/aiguestortes_NA_2142_36542348526__b.jpg
picture606,https://raw.githubusercontent.com/kampax/Train_Data/refs/heads/main/Cultural_Religious/aiguestortes_NA_2142_40839339785__b.jpg
picture607,https://raw.githubusercontent.com/kampax/Train_Data/refs/heads/main/Cultural_Religious/aiguestortes_NA_2142_40839342335__b.jpg
picture608,https://raw.githubusercontent.com/kampax/Train_Data/refs/heads/main/Cultural_Religious/aiguestortes_NA_2310_28552823092__b.jpg
picture609,https://raw.githubusercontent.com/kampax/Train_Data/refs/heads/main/Cultural_Religious/aiguestortes_NA_2380_29537607625__b.jpg
picture610,https://raw.githubusercontent.com/kampax/Train_Data/refs/heads/main/Cultural_Religious/aiguestortes_NA_2380_37578942284__b.jpg
picture611,https://raw.githubusercontent.com/kampax/Train_Data/refs/heads/main/Cultural_Religious/aiguestortes_NA_2383_28030533423__b.jpg
picture612,https://raw.githubusercontent.com/kampax/Train_Data/refs/heads/main/Cultural_Religious/aiguestortes_NA_2527_29010273014__b.jpg
picture613,https://raw.githubusercontent.com/kampax/Train_Data/refs/heads/main/Cultural_Religious/aiguestortes_NA_2527_48590905576__b.jpg
picture614,https://raw.githubusercontent.com/kampax/Train_Data/refs/heads/main/Cultural_Religious/aiguestortes_NA_2798_51184816929__b.jpg
picture615,https://raw.githubusercontent.com/kampax/Train_Data/refs/heads/main/Cultural_Religious/aiguestortes_NA_2798_51233361365__b.jpg
picture616,https://raw.githubusercontent.com/kampax/Train_Data/refs/heads/main/Cultural_Religious/aiguestortes_NA_2798_51233963082__b.jpg
picture617,https://raw.githubusercontent.com/kampax/Train_Data/refs/heads/main/Cultural_Religious/aiguestortes_NA_3303_52526863777__b.jpg
picture618,https://raw.githubusercontent.com/kampax/Train_Data/refs/heads/main/Cultural_Religious/aiguestortes_NA_3975_44159811004__b.jpg
picture619,https://raw.githubusercontent.com/kampax/Train_Data/refs/heads/main/Cultural_Religious/aiguestortes_NA_4136_51189027356__b.jpg
picture620,https://raw.githubusercontent.com/kampax/Train_Data/refs/heads/main/Cultural_Religious/aiguestortes_NA_4421_42574829660__b.jpg
picture621,https://raw.githubusercontent.com/kampax/Train_Data/refs/heads/main/Cultural_Religious/aiguestortes_NA_4421_51209341963__b.jpg
picture622,https://raw.githubusercontent.com/kampax/Train_Data/refs/heads/main/Cultural_Religious/granada_NA_1459_26663591204__b.jpg
picture623,https://raw.githubusercontent.com/kampax/Train_Data/refs/heads/main/Cultural_Religious/granada_NA_1514_33990757160__b.jpg
picture624,https://raw.githubusercontent.com/kampax/Train_Data/refs/heads/main/Cultural_Religious/granada_NA_1514_47809112982__b.jpg
picture625,https://raw.githubusercontent.com/kampax/Train_Data/refs/heads/main/Cultural_Religious/granada_NA_1515_28586554318__b.jpg
picture626,https://raw.githubusercontent.com/kampax/Train_Data/refs/heads/main/Cultural_Religious/granada_NA_1515_33934288300__b.jpg
picture627,https://raw.githubusercontent.com/kampax/Train_Data/refs/heads/main/Cultural_Religious/granada_NA_1515_35885531603__b.jpg
picture628,https://raw.githubusercontent.com/kampax/Train_Data/refs/heads/main/Cultural_Religious/granada_NA_1515_40047551385__b.jpg
picture629,https://raw.githubusercontent.com/kampax/Train_Data/refs/heads/main/Cultural_Religious/granada_NA_1515_52148491198__b.jpg
picture630,https://raw.githubusercontent.com/kampax/Train_Data/refs/heads/main/Cultural_Religious/granada_NA_1568_16157796180__b.jpg
picture631,https://raw.githubusercontent.com/kampax/Train_Data/refs/heads/main/Cultural_Religious/granada_NA_1568_16317808546__b.jpg
picture632,https://raw.githubusercontent.com/kampax/Train_Data/refs/heads/main/Cultural_Religious/granada_NA_1568_16342284111__b.jpg
picture633,https://raw.githubusercontent.com/kampax/Train_Data/refs/heads/main/Cultural_Religious/granada_NA_1568_16574423694__b.jpg
picture634,https://raw.githubusercontent.com/kampax/Train_Data/refs/heads/main/Cultural_Religious/granada_NA_1568_17107538809__b.jpg
picture635,https://raw.githubusercontent.com/kampax/Train_Data/refs/heads/main/Cultural_Religious/granada_NA_1568_17113461026__b.jpg
picture636,https://raw.githubusercontent.com/kampax/Train_Data/refs/heads/main/Cultural_Religious/granada_NA_1568_17115060597__b.jpg
picture637,https://raw.githubusercontent.com/kampax/Train_Data/refs/heads/main/Cultural_Religious/granada_NA_1568_17657696554__b.jpg
picture638,https://raw.githubusercontent.com/kampax/Train_Data/refs/heads/main/Cultural_Religious/granada_NA_1568_22013014559__b.jpg
picture639,https://raw.githubusercontent.com/kampax/Train_Data/refs/heads/main/Cultural_Religious/guadarrama_NA_1089_21378426370__b.jpg
picture640,https://raw.githubusercontent.com/kampax/Train_Data/refs/heads/main/Cultural_Religious/guadarrama_NA_1773_23588115846__b.jpg
picture641,https://raw.githubusercontent.com/kampax/Train_Data/refs/heads/main/Cultural_Religious/guadarrama_NA_1848_30840298192__b.jpg
picture642,https://raw.githubusercontent.com/kampax/Train_Data/refs/heads/main/Cultural_Religious/guadarrama_NA_1848_31402197178__b.jpg
picture643,https://raw.githubusercontent.com/kampax/Train_Data/refs/heads/main/Cultural_Religious/guadarrama_NA_1848_31476371753__b.jpg
picture644,https://raw.githubusercontent.com/kampax/Train_Data/refs/heads/main/Cultural_Religious/guadarrama_NA_1848_38190002322__b.jpg
picture645,https://raw.githubusercontent.com/kampax/Train_Data/refs/heads/main/Cultural_Religious/guadarrama_NA_1848_48864780916__b.jpg
picture646,https://raw.githubusercontent.com/kampax/Train_Data/refs/heads/main/Cultural_Religious/guadarrama_NA_1853_26412191927__b.jpg
picture647,https://raw.githubusercontent.com/kampax/Train_Data/refs/heads/main/Cultural_Religious/guadarrama_NA_1904_23937199888__b.jpg
picture648,https://raw.githubusercontent.com/kampax/Train_Data/refs/heads/main/Cultural_Religious/guadarrama_NA_1929_45112784195__b.jpg
picture649,https://raw.githubusercontent.com/kampax/Train_Data/refs/heads/main/Cultural_Religious/guadarrama_NA_1935_19954632351__b.jpg
picture650,https://raw.githubusercontent.com/kampax/Train_Data/refs/heads/main/Cultural_Religious/guadarrama_NA_1935_26018395163__b.jpg
picture651,https://raw.githubusercontent.com/kampax/Train_Data/refs/heads/main/Cultural_Religious/guadarrama_NA_1935_26032696038__b.jpg
picture652,https://raw.githubusercontent.com/kampax/Train_Data/refs/heads/main/Cultural_Religious/guadarrama_NA_1935_26456342726__b.jpg
picture653,https://raw.githubusercontent.com/kampax/Train_Data/refs/heads/main/Cultural_Religious/guadarrama_NA_1935_34379794105__b.jpg
picture654,https://raw.githubusercontent.com/kampax/Train_Data/refs/heads/main/Cultural_Religious/guadarrama_NA_1935_35308771196__b.jpg
picture655,https://raw.githubusercontent.com/kampax/Train_Data/refs/heads/main/Cultural_Religious/guadarrama_NA_1976_34053425796__b.jpg
picture656,https://raw.githubusercontent.com/kampax/Train_Data/refs/heads/main/Cultural_Religious/guadarrama_NA_1976_49556302656__b.jpg
picture657,https://raw.githubusercontent.com/kampax/Train_Data/refs/heads/main/Cultural_Religious/guadarrama_NA_2055_20790352514__b.jpg
picture658,https://raw.githubusercontent.com/kampax/Train_Data/refs/heads/main/Cultural_Religious/guadarrama_NA_2057_16683150427__b.jpg
picture659,https://raw.githubusercontent.com/kampax/Train_Data/refs/heads/main/Cultural_Religious/guadarrama_NA_2057_17032143585__b.jpg
picture660,https://raw.githubusercontent.com/kampax/Train_Data/refs/heads/main/Cultural_Religious/guadarrama_NA_2057_17057428750__b.jpg
picture661,https://raw.githubusercontent.com/kampax/Train_Data/refs/heads/main/Cultural_Religious/guadarrama_NA_2057_17106160801__b.jpg
picture662,https://raw.githubusercontent.com/kampax/Train_Data/refs/heads/main/Cultural_Religious/guadarrama_NA_2057_23438961222__b.jpg
picture663,https://raw.githubusercontent.com/kampax/Train_Data/refs/heads/main/Cultural_Religious/guadarrama_NA_2057_26369295510__b.jpg
picture664,https://raw.githubusercontent.com/kampax/Train_Data/refs/heads/main/Cultural_Religious/guadarrama_NA_2057_26714666056__b.jpg
picture665,https://raw.githubusercontent.com/kampax/Train_Data/refs/heads/main/Cultural_Religious/guadarrama_NA_2057_27210841739__b.jpg
picture666,https://raw.githubusercontent.com/kampax/Train_Data/refs/heads/main/Cultural_Religious/snev_NA_11342_53239819483__b.jpg
picture667,https://raw.githubusercontent.com/kampax/Train_Data/refs/heads/main/Cultural_Religious/snev_NA_11342_53239885499__b.jpg
picture668,https://raw.githubusercontent.com/kampax/Train_Data/refs/heads/main/Cultural_Religious/snev_NA_2016_53201776524__b.jpg
picture669,https://raw.githubusercontent.com/kampax/Train_Data/refs/heads/main/Cultural_Religious/snev_NA_2016_53201789854__b.jpg
picture670,https://raw.githubusercontent.com/kampax/Train_Data/refs/heads/main/Cultural_Religious/snev_NA_5969_53299993115__b.jpg
picture671,https://raw.githubusercontent.com/kampax/Train_Data/refs/heads/main/Cultural_Religious/snev_NA_8457_53039187841__b.jpg
picture672,https://raw.githubusercontent.com/kampax/Train_Data/refs/heads/main/Cultural_Religious/snev_NA_8801_53429362979__b.jpg
